sampleid,year,address,city,state,zip,social_interactions,physical_activity,hot_meal_days,loneliness,own_pet
92202,2022,"5024 County Highway 33","Oneonta","AL","35121",3,3,7,1.3150288,1
126800,2017,"","Eufaula","AL","36027",1,3,7,.98922467,0
219095,2014,"MCDANIEL AVE","","AL","",4,2,7,.17228082,1
290998,2025,"118 County Road 162","Brundidge","AL","36010",1,4,6,1.4024957,1
323367,2014,"22 BLA DRIVE","","AL","",3,3,6,2.9253504,1
604662,2019,"","","AL","",5,3,5,1.9537134,1
660642,2019,"11732 Village Green Dr","Magnolia Springs","AL","36555",1,2,4,1.1364738,0
737467,2020,"8TH ST SE","","AL","",1,2,6,1.007894,0
741441,2025,"MORISETTE DR","","AL","",4,1,7,2.7096372,0
783591,2022,"5667 Gulf Ave","Orange Beach","AL","36561",4,3,7,1.335971,1
799658,2018,"920 COUNTY RD","CULLMAN","AL","35057",3,2,6,1.348935,0
866709,2016,"","","AL","",3,3,3,1.4695374,1
1006060,2019,"5861 Walnut Grove Rd","Birmingham","AL","35215",2,4,5,1.3870125,0
1121377,2023,"7911 Lee Road 158","Salem","AL","36874",3,2,5,1.4195677,0
1207396,2018,"305 Lee Dr","Auburn","AL","36832",2,4,5,1.203704,1
1237728,2023,"","","AL","",2,2,4,1.1996695,1
1253238,2020,"","","AL","",3,3,7,.71547949,0
1413327,2020,"710 Talucah Rd","Valhermoso Springs","AL","35775",3,2,6,1.0855212,1
1430370,2014,"","","AL","",2,1,6,1.1969908,1
1435835,2014,"HUSTLEVILLE ROAD","","AL","",2,4,6,1.8497562,1
1671518,2023,"6351 Lott Rd","Semmes","AL","36575",3,2,5,1.099347,1
1674076,2015,"801 Fulton Ave","Birmingham","AL","35217",2,4,5,1.5801334,0
2040547,2020,"75 Jackson Ln","Tallassee","AL","36078",1,3,5,1.9378359,1
2202711,2017,"125 Windsor Dr","Muscle Shoals","AL","35661",3,4,5,1.2046707,1
2239209,2019,"2670 Josephine St","Mobile","AL","36607",5,4,4,2.2242734,1
2241919,2021,"","","AL","",4,4,6,.90600741,0
2565432,2018,"216 Saturn Cir","Bessemer","AL","35023",4,4,6,1.2179071,1
2598997,2015,"","","AL","",3,2,6,.57415307,0
2607199,2022,"1720 Spring Hill Ave","Mobile","AL","36604",3,3,5,1.1912743,1
2799329,2021,"HWY 72","","AL","",4,3,5,1.2989601,1
2825000,2018,"3144 County Road 265","Section","AL","35771",3,5,5,.18151464,1
2868624,2015,"","","AL","",4,5,7,.52411252,0
2889154,2019,"111 CO RD 37","FORT DEPOSIT","AL","",4,3,5,1.979677,0
3155680,2016,"","","AK","",3,2,3,1.6902266,1
3214543,2017,"9034 Lupine Ln","Juneau","AK","99801",2,2,6,1.2498564,1
3322860,2022,"NUNAVAAQ STREET","BARROW","AK","99723",3,3,3,.22508194,1
3330183,2015,"","","AK","",4,3,6,1.5558361,0
3349076,2019,"3977 Scenic View Dr","Anchorage","AK","99504",2,3,4,.97067344,1
3358993,2017,"","","AK","",4,3,6,2.0690448,0
3379058,2015,"6830 E Fireweed Rd","Palmer","AK","99645",4,4,5,2.0255594,0
3420176,2025,"805 Chamberlain Dr N","North Pole","AK","99705",2,3,5,2.0840993,1
3549754,2018,"3212 Carriage Dr","Anchorage","AK","99507",2,3,7,.19238526,1
3598161,2024,"12750 Ginami St","Anchorage","AK","99516",3,3,7,1.0917981,1
3627943,2017,"10130 N Resilience Cir","Palmer","AK","99645",3,2,6,.6256358,1
4160277,2021,"18083 E La Posada Ct","Gold Canyon","AZ","85118",2,3,6,.3627564,1
4296006,2017,"","","AZ","",3,4,4,1.1718311,0
4305849,2014,"","","AZ","",5,2,4,1.258257,1
4311570,2015,"","","AZ","",2,3,6,.40294537,0
4361254,2025,"","","AZ","",5,1,7,.86558342,1
4443271,2018,"931 N Euclid Ave","Tucson","AZ","85719",3,4,5,.16082667,0
4486572,2016,"5344 W Earll Dr","Phoenix","AZ","85031",3,3,6,.89680958,1
4559093,2017,"3104 S 82nd Ln","Phoenix","AZ","85043",3,4,7,1.2510476,1
4593151,2019,"","","AZ","",1,3,6,.12786114,0
4620660,2017,"","GRAND CANYON","AZ","86023",4,1,6,.99550003,1
4695396,2018,"3901 W Hidalgo Ave","Phoenix","AZ","85041",3,5,3,.23298715,1
4721888,2019,"3015 E 1st St","Tucson","AZ","85716",3,3,7,1.0721031,1
4784647,2019,"1933 W Robson Cir","Bullhead City","AZ","86442",2,4,3,1.6630217,1
4961191,2017,"","","AZ","",2,1,7,.85536063,1
5162439,2022,"5217 S Fox Trot Dr","Tucson","AZ","85746",1,2,7,1.6583838,1
5234844,2019,"501 Peace Garden Path","Clarkdale","AZ","86324",4,4,6,.88113505,1
5259569,2022,"","","AZ","",3,1,2,2.0239451,1
5409128,2015,"70 Las Ramblas","Sedona","AZ","86351",1,4,2,.36438501,0
5438567,2020,"17701 W El Cerrito Ln","Marana","AZ","85653",1,4,5,1.3779103,1
5526433,2015,"12605 E Sienna Hills Dr","Cornville","AZ","86325",4,1,5,.2650604,1
5554501,2023,"50 Zane Grey Ln","Sedona","AZ","86336",4,2,6,1.4399968,0
5596125,2024,"","","AZ","",3,4,4,1.1933004,0
5780420,2014,"","","AZ","",4,2,4,1.4860501,1
5811471,2020,"1021 S Greenfield Rd","Mesa","AZ","85206",1,1,7,.56545323,1
6305918,2025,"3631 W Charleston Ave","Glendale","AZ","85308",3,3,5,1.5576453,1
6365958,2022,"27467 N 75th Way","Scottsdale","AZ","85266",3,2,7,.58050197,1
6399607,2019,"2236 E Sandra Ter","Phoenix","AZ","85022",4,3,3,.86378938,1
6601468,2022,"4209 W Valley View Dr","Laveen","AZ","85339",4,4,7,2.8882926,1
6648630,2017,"2737 E Windmere Dr","Phoenix","AZ","85048",4,4,3,1.1864275,1
6692403,2025,"2727 N Price Rd","Chandler","AZ","85224",3,2,4,1.0417297,1
6762624,2021,"2924 E Houston Ave","Gilbert","AZ","85234",3,1,6,1.0150967,1
6912711,2019,"9009 S 227th Dr","Buckeye","AZ","85326",5,2,7,1.7617933,1
6943444,2025,"957 E Dee St","Avondale","AZ","85323",1,3,5,.76079684,1
6945719,2014,"3848 S Avondale Blvd","Tolleson","AZ","85353",3,4,4,1.2876313,0
6977509,2023,"11634 W Palm Brook Dr","Avondale","AZ","85392",3,2,6,1.2871298,0
7123609,2016,"12872 N Founders Park Blvd","Surprise","AZ","85379",4,3,5,.7515164,1
7135832,2022,"7102 N 43rd Ave","Glendale","AZ","85301",2,3,5,2.53298,1
7266172,2020,"","","AZ","",4,3,5,.40784141,1
7281673,2014,"","","AZ","",2,2,6,2.1507392,0
7405663,2015,"","","AZ","",3,5,3,1.646136,1
7548354,2017,"","","AZ","",2,2,7,1.0579407,0
7872641,2019,"0","","AR","",3,2,3,.70725131,0
7918448,2020,"15 Kala Ct","Cabot","AR","72023",4,4,4,1.0154493,1
7938805,2022,"38 Glendale Dr","Cabot","AR","72023",5,3,6,.64881682,1
7989342,2016,"516 E Purdon St","England","AR","72046",2,2,4,1.3281045,1
8117890,2014,"678 Rock Springs Rd","Wilmar","AR","71675",3,4,7,1.6227995,1
8135408,2018,"1137 Ohio St","Blytheville","AR","72315",3,1,7,1.4920861,0
8151801,2017,"416 Bella Vista St","Harrison","AR","72601",3,2,6,1.7927473,0
8196144,2014,"806 Ada St","Leachville","AR","72438",4,1,6,1.2376989,0
8514067,2020,"100 Quail Creek Rd","Hot Springs","AR","71901",3,5,7,.8199836,1
8632758,2015,"PLACER LN","","AR","",3,3,5,2.6283236,1
8831207,2021,"1411 Marshall St","Little Rock","AR","72202",4,3,3,1.8407671,1
8847563,2021,"CENTER ST","","AR","72206",2,1,1,.92028069,1
8978454,2017,"2959 Willow Spring Ct","Springdale","AR","72762",3,4,3,.36977661,0
9020372,2025,"172 Valley Club Cir","Little Rock","AR","72212",3,2,6,1.8201509,1
9071765,2023,"12004 Maple Park Dr","Fort Smith","AR","72916",4,5,3,.31585252,1
9076455,2022,"LOYOLA DR","","AR","72211",2,2,7,.49842709,0
9491644,2017,"","","AR","",4,4,5,.90729558,1
9970956,2021,"165 Pizarro Dr","Hot Springs Village","AR","71909",2,2,5,.61644411,1
9978098,2017,"0","","AR","",2,4,4,.19919257,1
10179144,2025,"0","","AR","",5,4,4,.76112634,1
10428144,2020,"465 Crochet Rd","Marshall","AR","72650",2,4,4,1.2639302,1
10461839,2018,"2363 O'Rear Rd","El Dorado","AR","71730",1,4,5,.20901243,0
10518811,2020,"100 9th St","Oakland","CA","94607",2,3,3,1.4401489,1
10625801,2018,"27666 Seminole Way","Hayward","CA","94544",2,4,7,.15532756,1
10636134,2020,"21 Thousand Oaks St","Oakland","CA","94605",4,2,7,.30920675,1
10653603,2018,"6073 Snake Rd","Oakland","CA","94611",2,2,6,1.3993772,0
10678359,2015,"4301 Glidden Way","Fremont","CA","94536",3,3,5,1.1760876,0
10783699,2019,"2800 Bayview Dr","Alameda","CA","94501",3,4,6,.89622962,1
10815881,2014,"1766 150th Ave","San Leandro","CA","94578",4,2,4,1.4645283,1
10931390,2025,"5122 Lillian Ct","Livermore","CA","94550",3,5,6,.3235828,1
11001298,2017,"444 Weymouth Way","Chico","CA","95973",5,3,7,2.0684559,1
11055424,2014,"1884 Drendel Cir","Paradise","CA","95969",2,3,7,1.6880833,1
11096948,2017,"","","CA","",2,3,3,.82866949,0
11154727,2024,"","","CA","",3,3,3,1.0704085,1
11245023,2019,"2249 Mount Whitney Dr","Pittsburg","CA","94565",4,3,6,.76317441,1
11259427,2021,"2415 Sun View Ter","Concord","CA","94520",2,4,4,.9096967,0
11282035,2025,"83 Arbor Springs Ln","Pacheco","CA","94553",2,4,6,.27874237,1
11282160,2022,"137 High St","Pacheco","CA","94553",2,2,5,1.6283156,0
11350918,2023,"130 Bando Ct","Alamo","CA","94507",3,4,6,.68810332,1
11401791,2020,"4274 Astor Hollow St","San Ramon","CA","94582",5,4,2,1.0350266,1
11431256,2014,"1086 Seascape Cir","Rodeo","CA","94572",1,3,4,.91237324,1
11440086,2015,"2231 N Crest Ave","Martinez","CA","94553",2,1,4,.21570638,0
11460669,2025,"4208 McGlothen Way","Richmond","CA","94806",3,1,4,1.4655867,0
11584691,2017,"6278 Bucktail Ln","Pollock Pines","CA","95726",3,2,7,.34706488,1
11605499,2017,"2594 Knollwood Dr","Cameron Park","CA","95682",3,3,7,.7602573,0
11621851,2025,"3794 Chariot Cir","Rescue","CA","95672",3,5,3,2.3379548,1
11701218,2014,"310 BACK ST","COLOMA","CA","95613",3,5,7,.30550814,1
11798501,2024,"618 Stanford Ave","Fowler","CA","93625",3,3,7,1.8375983,0
11815889,2017,"704 8th St","Orange Cove","CA","93646",3,4,5,1.8270044,1
11853170,2019,"1085 W Morris Ave","Fresno","CA","93711",5,3,4,2.1339562,0
12102607,2023,"4973 Crestwood Ct","Arcata","CA","95521",2,3,7,1.4426161,1
12140335,2024,"","","CA","",2,3,6,1.8498869,0
12143351,2017,"","","CA","",4,4,6,1.2884614,1
12396936,2024,"","","CA","",3,4,5,.58327657,1
12419336,2017,"","","CA","",5,2,5,.056401994,0
12429948,2020,"","","CA","",3,2,7,.58343476,1
12450621,2015,"","TEHACHAPI","CA","93561",4,5,7,2.2459817,0
12642729,2020,"519 Imperial Dr","Hanford","CA","93230",3,2,6,2.1815171,0
12667437,2014,"971 Kensington Ave","Lemoore","CA","93245",3,4,4,1.6288731,0
12689146,2016,"","","CA","",4,3,4,1.2889384,1
12703763,2025,"275 Armstrong St","Lakeport","CA","95453",2,3,4,.77183688,1
12828220,2016,"","","CA","",4,3,3,2.0606248,1
12836443,2019,"8224 Crebs Ave","Reseda","CA","91335",5,4,5,.8617509,0
12850168,2021,"7503 Nestle Ave","Reseda","CA","91335",2,1,6,1.5037743,1
12909610,2022,"6803 Amestoy Ave","Van Nuys","CA","91406",3,2,4,1.4058867,1
13008927,2016,"1738 N Avon St","Burbank","CA","91505",3,3,7,.53171784,0
13230411,2016,"29510 Abelia Rd","Santa Clarita","CA","91387",2,4,4,.91866547,1
13291463,2015,"AVE WII/VIC 133 STE","PEARBLOSSOM","CA","93553",2,4,7,1.5038404,1
13294345,2021,"10021 E Avenue R12","Littlerock","CA","93543",3,4,6,.48590097,0
13414711,2023,"28806 Rock Canyon Dr","Saugus","CA","91390",3,1,7,1.1377684,1
13759949,2015,"5231 S Wilton Pl","Los Angeles","CA","90062",3,3,7,1.0738081,0
13783104,2018,"3110 Raymond Ave","Los Angeles","CA","90007",3,4,5,1.9405876,0
13861113,2019,"2545 Marengo St","Los Angeles","CA","90033",2,3,7,.91246969,1
13878614,2023,"3217 Castalia Ave","Los Angeles","CA","90032",3,5,5,.87761497,1
13894959,2023,"1314 S Vancouver Ave","Los Angeles","CA","90022",3,5,6,.38219848,0
13945913,2021,"931 N Marguerita Ave","Alhambra","CA","91801",2,4,7,.5556041,1
14081494,2024,"8591 Crescent Dr","Los Angeles","CA","90046",2,4,5,1.0486947,1
14153987,2025,"201 N Orange Grove Blvd","Pasadena","CA","91103",2,3,3,.078099199,1
14160813,2017,"355 S Los Robles Ave","Pasadena","CA","91101",3,2,4,.61053139,1
14240728,2023,"160 W Gage Ave","Los Angeles","CA","90003",3,1,5,1.9527601,0
14277398,2014,"420 E 93rd St","Los Angeles","CA","90003",4,2,6,1.4869666,0
14294528,2017,"11023 Ruthelen St","Los Angeles","CA","90047",5,2,4,1.1126267,1
14378186,2014,"7231 Rosecrans Ave","Paramount","CA","90723",3,3,6,1.0679564,0
14471814,2021,"11263 183rd St","Cerritos","CA","90703",4,3,6,.66542059,1
14501074,2015,"9746 Park St","Bellflower","CA","90706",5,3,7,1.2372727,1
14550236,2025,"5143 E Spring St","Long Beach","CA","90808",3,3,6,1.6351216,1
14652019,2023,"1221 Amapola Ave","Torrance","CA","90501",2,2,5,.82565671,0
14754106,2015,"2229 Warmouth St","San Pedro","CA","90732",3,1,7,1.6318626,1
14860780,2018,"604 Sunkist Ave","La Puente","CA","91746",3,5,6,1.3534135,1
15010565,2023,"1528 S Primrose Ave","Monrovia","CA","91016",4,2,6,1.7300501,1
15010823,2016,"1215 Los Robles Ave","Monrovia","CA","91016",3,4,7,.92759323,1
15062018,2020,"9102 Valley Blvd","Rosemead","CA","91770",1,3,7,1.7553645,0
15094788,2022,"1213 Pennell Dr","Glendora","CA","91740",3,1,6,.64147347,0
15238110,2020,"305 Colusa Ave","Chowchilla","CA","93610",4,2,7,.92120683,0
15281425,2023,"32827 Road 222","North Fork","CA","93643",2,3,6,1.979941,0
15375855,2017,"165 Arroyo Rd","Lagunitas","CA","94938",2,3,7,1.5298183,1
15441867,2020,"","","CA","",2,2,6,2.1296172,1
15452416,2025,"","","CA","",5,2,5,.47602949,1
15495593,2020,"1315 W 16th St","Merced","CA","95340",4,3,5,.40581235,1
15561096,2018,"1022/103 N MAIST","ALTURAS","CA","96101",2,1,5,1.6408368,1
15603867,2024,"90 Monterey Pine Rd","Mammoth Lakes","CA","93546",3,5,7,1.4803327,0
15624653,2021,"132 Nissen Rd","Salinas","CA","93901",4,5,6,.4204382,0
15683186,2020,"1295 Oak Ave","Greenfield","CA","93927",3,3,6,.80211532,1
15685542,2017,"","","CA","",5,4,7,1.357181,1
15925932,2014,"250 Ledroit St","Laguna Beach","CA","92651",2,3,7,1.5621444,1
16000766,2019,"15582 Spar St","Garden Grove","CA","92843",1,3,7,.22506101,1
16066691,2025,"6461 Longford Cir","Huntington Beach","CA","92647",3,3,4,.8139742,0
16148235,2021,"8182 Regency St","La Palma","CA","90623",3,3,7,.16920683,0
16148283,2024,"4972 Windsong Ave","La Palma","CA","90623",3,2,6,2.2348037,1
16158600,2018,"1834 W Glencrest Ave","Anaheim","CA","92801",2,4,6,.67209488,1
16382107,2017,"169 Fieldwood","Irvine","CA","92618",4,3,4,1.2406499,1
16444811,2015,"27991 Paseo Barranca","San Juan Capistrano","CA","92675",3,4,5,1.3104994,1
16471008,2020,"34536 Via Espinoza","Dana Pt","CA","92624",3,3,6,.78982753,0
16497070,2022,"26131 Via Oceano","Mission Viejo","CA","92691",3,3,6,1.2058117,1
16507734,2016,"23701 Via Mistral","Mission Viejo","CA","92692",3,4,6,1.9206966,1
16509659,2018,"27682 Via Granados","Mission Viejo","CA","92692",2,4,4,1.1113712,0
16635295,2014,"34586 Camino Capistrano","Dana Point","CA","92624",3,3,6,1.2806559,0
16800283,2018,"","","CA","",3,2,7,2.1100235,1
16817530,2018,"177 Terrapin","Irvine","CA","92618",4,3,7,.13302773,0
16893434,2016,"4086 Grass Valley Hwy","Auburn","CA","95602",3,3,5,.46806508,1
16961334,2020,"1446 Spring Valley Dr","Roseville","CA","95661",3,4,5,1.3570895,0
17068772,2020,"530 W Devonshire Ave","Hemet","CA","92543",5,4,6,.68631375,1
17078469,2022,"21100 State St","San Jacinto","CA","92583",4,3,5,.84621823,1
17132543,2023,"","","CA","",4,4,7,2.1844556,1
17181664,2014,"","","CA","",3,1,6,.56267506,0
17264813,2021,"4209 Giles Ct","Riverside","CA","92503",3,2,5,1.1104137,1
17310092,2015,"5847 Avenue Juan Bautista","Riverside","CA","92509",1,3,5,.39749226,1
17480399,2020,"23457 N Canyon Lake Dr","Canyon Lake","CA","92587",2,3,7,.73181266,1
17494586,2025,"31940 Honeysuckle Ct","Lake Elsinore","CA","92532",3,4,7,.090583697,1
17531865,2016,"33572 Cyclamen Ln","Murrieta","CA","92563",3,3,5,1.5432246,1
17562917,2014,"","","CA","",3,1,4,.34404391,1
17690962,2018,"654 Wagonwheel Dr","Hemet","CA","92544",1,5,6,1.7670579,1
17697664,2017,"","","CA","",3,3,5,1.2583495,0
17717773,2024,"49645 Livistonia Ct","Coachella","CA","92236",3,2,3,.035517715,1
17720313,2023,"45345 Deerbrook Cir","La Quinta","CA","92253",2,3,2,.034245487,1
17775978,2017,"","","CA","",2,3,4,.37380072,0
17788021,2017,"78865 Via Trieste","La Quinta","CA","92253",1,5,6,.20165862,0
17795965,2019,"48624 Moon Terrace Ln","Palm Desert","CA","92260",4,4,4,.8483327,0
17820151,2018,"69411 Ramon Rd","Cathedral City","CA","92234",3,3,6,.39238092,0
17823225,2022,"124 Via Santo Tomas","Rancho Mirage","CA","92270",1,4,4,1.3729495,1
18190463,2018,"4063 Preserve Way","Rancho Cordova","CA","95742",3,4,7,1.2711303,1
18250467,2016,"8443 Mountain Bell Ct","Elk Grove","CA","95624",3,3,7,.36234918,1
18265269,2020,"4620 Country Scene Way","Sacramento","CA","95823",2,2,4,1.1513227,1
18293779,2017,"10387 Spiva Rd","Sacramento","CA","95829",2,1,7,1.8993616,0
18319053,2025,"8241 Hopewell Dr","Elk Grove","CA","95757",2,2,6,.78455746,0
18425349,2014,"867 Barros Dr","Sacramento","CA","95835",2,3,5,1.6715722,1
18433014,2022,"5830 Oakbrook Dr","Citrus Heights","CA","95621",2,3,6,.3599492,1
18465592,2022,"8924 Bluff Ln","Fair Oaks","CA","95628",3,2,5,1.4884924,1
18466792,2024,"7016 Trabert Ct","Carmichael","CA","95608",3,3,5,.35793215,0
18469124,2023,"KAULA DR","FAIR OAKS","CA","95628",3,2,6,.49167511,0
18526094,2015,"1112 Stewart Rd","Sacramento","CA","95864",1,4,5,.12709296,0
18553849,2019,"2960 Portage Way","Sacramento","CA","95835",2,3,5,2.1348848,1
18572713,2020,"22229 Airline Hwy","Paicines","CA","95043",2,3,6,.31163478,0
18573508,2020,"PIMENTAL CANYON","","CA","",3,2,4,.96251202,1
18596986,2019,"814 W Grove St","Rialto","CA","92376",3,5,5,.53832471,1
18606249,2021,"915 N Marcella Ave","Rialto","CA","92376",3,3,2,2.0153377,1
18695257,2018,"","","CA","",3,5,6,2.4038899,0
18714533,2016,"3351 E Philadelphia St","Ontario","CA","91761",3,3,7,1.310208,1
18806923,2023,"26079 Bancroft St","Loma Linda","CA","92354",4,4,7,.2552346,1
18809509,2020,"2485 Secret Dr","Running Springs","CA","92382",1,4,5,.94944656,1
18809581,2014,"2750 Deer Creek Dr","Running Springs","CA","92382",3,3,5,.36958167,1
19122121,2015,"","","CA","",3,3,5,.96673965,1
19145134,2023,"","","CA","",2,3,4,.77164561,1
19274718,2021,"2522 E Richmond St","Ontario","CA","91761",3,4,4,.77169299,1
19370714,2018,"12515 Cypress Ave","Victorville","CA","92395",3,2,7,1.1709292,0
19374566,2019,"13169 Pacific Ter","Victorville","CA","92392",4,4,7,1.524696,1
19395091,2019,"14601 Tigertail Rd","Apple Valley","CA","92307",3,1,5,1.2092566,1
19612263,2021,"FAIRWAY HILL CIR","","CA","92026",2,4,6,1.0383736,1
19677962,2023,"881 Ginger Ave","Carlsbad","CA","92011",2,3,7,.60910654,0
19684578,2016,"2610 La Golondrina St","Carlsbad","CA","92009",4,3,6,.58950055,1
19703480,2024,"1205 Corte Encanto","San Marcos","CA","92069",4,4,7,2.0082104,1
19820764,2017,"16455 Caminito Vecinos","San Diego","CA","92128",5,3,5,.43592992,1
19958050,2016,"9505 Gold Coast Dr","San Diego","CA","92126",1,3,6,1.1890309,1
19981090,2017,"450 Sea Ln","La Jolla","CA","92037",1,2,5,2.1031978,1
20022602,2019,"9706 Follett Dr","Santee","CA","92071",5,4,4,1.3963467,1
20109469,2018,"1621 Hotel Cir S","San Diego","CA","92108",3,3,6,1.8564816,0
20296435,2025,"1933 Winnett St","San Diego","CA","92114",3,3,4,1.0014361,1
20362768,2018,"3510 Sweetwater Rd","Bonita","CA","91902",4,2,7,1.433808,1
20421315,2022,"928 Camino La Paz","Chula Vista","CA","91910",3,3,6,1.3387569,1
20513773,2024,"5500 Grand Pacific Dr","Carlsbad","CA","92008",3,1,7,.65318835,1
20528433,2023,"5500 Grand Pacific Dr","Carlsbad","CA","92008",3,4,6,1.4101059,0
20540722,2015,"5500 Grand Pacific Dr","Carlsbad","CA","92008",2,1,7,.42550015,0
20593979,2020,"1650 Jackson St","San Francisco","CA","94109",3,3,2,1.6893115,1
20613285,2023,"65 Rossi Ave","San Francisco","CA","94118",3,1,6,1.6556294,0
20636979,2015,"1227 15th Ave","San Francisco","CA","94122",2,3,4,2.1086631,0
20669995,2024,"87 Aquavista Way","San Francisco","CA","94131",3,5,6,.65346068,0
20778756,2014,"1300 22nd St","San Francisco","CA","94107",3,3,5,.90889478,1
20818605,2014,"1415 Green Ridge Dr","Stockton","CA","95209",3,4,5,.91688669,0
20828539,2016,"218 Lock Ct","Stockton","CA","95210",2,2,4,.29718837,1
20978955,2023,"515 Loma Verde Dr","Tracy","CA","95376",1,5,7,1.2808012,1
21203874,2017,"425 Alta Vista Dr","South San Francisco","CA","94080",4,2,6,.13685083,1
21224671,2020,"1229 Seville Dr","Pacifica","CA","94044",2,4,3,2.2373757,0
21288734,2023,"2111 Brittan Ave","San Carlos","CA","94070",3,3,5,1.678282,0
21320860,2022,"1681 Woodland Ave","East Palo Alto","CA","94303",2,4,5,.90833181,1
21424892,2020,"3537 Los Pinos Dr","Santa Barbara","CA","93105",4,4,7,.88440979,1
21436526,2017,"1121 Via Bolzano","Santa Barbara","CA","93111",2,2,5,.54462278,0
21490183,2019,"1207 S Western Ave","Santa Maria","CA","93458",3,5,5,1.2668679,0
21514338,2024,"1317 N V St","Lompoc","CA","93436",4,4,6,.99324644,1
21653401,2018,"1045 E Taylor St","San Jose","CA","95112",3,4,4,.12290724,1
21684823,2025,"794 Goodwin Ave","San Jose","CA","95128",4,5,6,.65734297,1
21711619,2022,"4205 Hamilton Ave","San Jose","CA","95130",4,3,4,1.1321937,1
21833070,2020,"1755 Kammerer Ave","San Jose","CA","95116",2,3,4,1.6876764,0
21894133,2021,"2685 Middleborough Cir","San Jose","CA","95132",3,4,5,1.1513221,1
21925240,2025,"8886 Wine Valley Cir","San Jose","CA","95135",3,2,4,1.561715,1
21987589,2015,"8727 Toyon Ct","Gilroy","CA","95020",2,3,6,.88282996,1
22019788,2014,"3516 Toomey Pl","Santa Clara","CA","95051",4,5,2,.3434526,1
22174560,2016,"","","CA","",3,2,6,.51892948,1
22251406,2014,"","","CA","",3,3,4,.39934978,1
22552048,2019,"109 Polaris Ct","Cloverdale","CA","95425",3,2,6,.32271561,0
22599579,2022,"1487 Golf Course Dr","Windsor","CA","95492",3,4,6,1.4404219,1
22723259,2022,"4132 Cherry Blossom Ln","Turlock","CA","95382",3,3,6,1.2406651,1
22742641,2020,"728 N McClure Rd","Modesto","CA","95357",3,2,5,.1923579,1
22802437,2021,"5529 Johnson Ave","Yuba City","CA","95991",3,3,5,1.3538256,0
22812126,2014,"494 Jones Rd","Yuba City","CA","95991",2,5,5,.019091252,1
22862767,2018,"21839 Eagle Peak Dr","Cottonwood","CA","96022",2,2,6,1.569454,1
22940766,2025,"4006 W Reese Ave","Visalia","CA","93277",2,4,5,.81940144,0
22962749,2014,"","","CA","",4,4,4,1.636546,0
22996583,2014,"1704 W Pamela Ct","Porterville","CA","93257",3,3,4,1.7179761,1
23051404,2017,"26075 N Fork Rd","Long Barn","CA","95335",3,2,6,.80136657,1
23196046,2021,"4900 Marlin Way","Oxnard","CA","93035",5,3,5,.1681374,0
23207267,2018,"4035 S A St","Oxnard","CA","93033",3,4,7,1.657352,1
23331429,2015,"2263 Portola Ln","Westlake Village","CA","91361",2,3,4,1.1838884,0
23342196,2017,"3700 Olds Rd","Oxnard","CA","93033",1,4,7,2.0888126,0
23621523,2017,"1248 Aspen St","Longmont","CO","80501",2,3,6,.64982867,1
23688453,2021,"4108 Brandon Ave","Broomfield","CO","80020",4,3,3,2.2648973,1
23745004,2022,"300 Prater Rd","Avon","CO","81620",4,3,5,1.5356643,0
23758228,2016,"HWY 96 # 12777","","CO","",3,4,7,1.332733,0
23800867,2017,"3120 Tackhouse Rd","Peyton","CO","80831",1,2,6,.23364554,0
23851731,2025,"7147 Snowbell Ln","Colorado Springs","CO","80927",3,3,7,2.3784103,0
23878348,2018,"186 Monument St","Red Cliff","CO","81649",4,5,7,1.06431,0
23903437,2021,"150 Happy Jack Rd","Basalt","CO","81621",3,2,6,.29883823,0
24071964,2020,"12912 E Elmendorf Pl","Denver","CO","80239",3,3,4,1.1255108,0
24090376,2024,"7979 E Stoll Pl","Denver","CO","80238",4,3,5,2.0114462,1
24152534,2016,"600 Lincoln Ave","Louisville","CO","80027",3,3,6,2.2977936,1
24251672,2022,"1482 Lookout Springs Dr","Colorado Springs","CO","80921",3,4,6,1.6565784,0
24469950,2020,"5973 Eagle Hill Hts","Colorado Springs","CO","80919",3,3,7,.96096033,0
24481965,2014,"","","CO","",3,4,7,.093977951,1
24517224,2023,"4110 E 94th Ave","Thornton","CO","80229",1,2,3,1.4213291,1
24548717,2023,"17113 E Aberdeen Dr","Aurora","CO","80016",3,3,6,2.4127305,0
24743090,2021,"","","CO","",5,3,7,1.8138093,0
24828409,2014,"1122 N Denver Ave","Loveland","CO","80537",3,5,6,.53611618,0
24833227,2016,"9617 W 99th Pl","Westminster","CO","80021",4,3,4,.34134176,1
24878665,2014,"3783 S Hazel Ct","Englewood","CO","80110",4,4,6,.87175745,0
25012757,2024,"6520 S Lincoln St","Centennial","CO","80121",3,3,7,1.8121341,1
25107810,2015,"5095 Champagne Dr","Colorado Springs","CO","80919",3,4,4,.30484617,0
25193434,2020,"","WESTON","CO","81091",3,2,5,1.7826296,1
25308757,2024,"1501 Whedbee St","Fort Collins","CO","80524",4,3,4,1.3335106,0
25574852,2018,"48 MUSTANG TR","COMO","CO","80432",1,3,6,.6892944,1
25590914,2024,"10334 W Arkansas Dr","Lakewood","CO","80232",3,4,7,1.7815948,1
25712452,2020,"2974 Ridge Rd","Steamboat Springs","CO","80487",3,4,6,1.616588,1
25792985,2025,"2205 Chantala Ave","Pueblo","CO","81006",5,2,4,.97874761,1
25798360,2023,"","","CO","",2,2,5,.67615467,1
25850410,2016,"1503 Point Dr","Frisco","CO","80443",2,3,3,.71112037,0
25911938,2020,"6945 S Webster St","Littleton","CO","80128",4,3,7,.57495946,1
25950594,2022,"","","CO","",4,4,4,.70290512,0
25982465,2014,"","","CO","",3,4,6,.12476693,0
25984222,2022,"6101 Kaneache Blvd","Pueblo","CO","81004",5,2,4,1.3487949,0
26052509,2015,"22595 County Road 70","Eaton","CO","80615",4,3,6,.99315548,1
26074266,2016,"120 Fairway Ridge Ln","South Fork","CO","81154",2,3,5,1.0245625,0
26194542,2023,"1524 8th St","Greeley","CO","80631",3,3,6,.23309587,1
26382900,2021,"35 Russell St","Griswold","CT","06351",3,4,4,.82514399,0
26383369,2025,"824 Amity Rd","Bethany","CT","06524",2,2,6,.63966548,1
26493443,2018,"95 Hidden Pond Dr","Watertown","CT","06795",4,2,4,1.3507813,1
26625183,2018,"100 Stillson Rd","Fairfield","CT","06825",5,4,7,.18387803,1
26645790,2015,"188 Otrobando Ave","Norwich","CT","06360",4,3,5,.95651758,0
26724755,2020,"78 Pytlik Rd","Higganum","CT","06441",3,3,6,2.2668195,1
26753707,2022,"10 Indian Valley Dr","Waterford","CT","06385",3,2,7,2.2068763,1
26755928,2015,"16 Brookside Park","Greenwich","CT","06831",1,4,5,1.9031401,0
26768281,2018,"1025 Old Clinton Rd","Westbrook","CT","06498",3,3,6,.38150665,1
26793311,2023,"85 Chester St","Hamden","CT","06514",3,3,4,.83956766,1
26812610,2017,"141 Dockerel Rd","Vernon","CT","06066",2,3,7,1.2847675,0
26888941,2023,"963 Oenoke Rdg","New Canaan","CT","06840",4,4,7,1.1349976,0
26971078,2019,"130 Warren St","Meriden","CT","06450",4,5,6,.32620484,1
26989031,2019,"25 Vollmer Ave","Norwalk","CT","06851",3,5,7,1.3746829,1
27037692,2016,"23 Avenue D","Norwalk","CT","06854",4,2,6,.21469787,0
27041013,2021,"107-109 Plainfield St","Hartford","CT","06112",3,3,4,1.2397295,1
27151324,2018,"76 General St","Stratford","CT","06615",3,3,5,1.5945231,1
27180909,2018,"17 Autumn Ridge Rd","Trumbull","CT","06611",3,4,6,.6195668,1
27257181,2019,"26 Hayestown Ave","Danbury","CT","06811",3,3,7,1.0000385,0
27422466,2024,"20 Castlewood Rd","West Hartford","CT","06107",3,2,5,.52719069,0
27463454,2018,"10 Enclave Dr","Danbury","CT","06810",3,4,5,1.1648571,1
27477532,2014,"329 Conestoga St","Windsor","CT","06095",2,3,6,1.3411506,0
27486612,2019,"16 Norman Ave","Windsor","CT","06095",3,4,7,.99100661,0
27501372,2023,"104 Moose Hill Rd","Oxford","CT","06478",4,2,6,.80596638,1
27592056,2019,"34 Old Reservoir Rd","Glastonbury","CT","06033",5,3,5,2.7344782,0
27636737,2015,"41 Gilbert Ave","Bloomfield","CT","06002",5,4,4,.97686619,1
27692642,2025,"408 Marsh Rd","Wilmington","DE","19809",4,2,6,.306485,1
27701129,2014,"2 Bainbridge Ct","Wilmington","DE","19807",3,1,5,1.0177619,1
27703135,2015,"","","DE","",3,2,7,.66438061,0
27792675,2022,"15 Dawes Dr","Newark","DE","19702",4,4,2,1.3425384,1
27800347,2022,"122 MAIN ST","LITTLE CREEK","DE","19961",5,1,7,.28206939,0
27804152,2015,"GOLDING AVE","NEW CASTLE","DE","19720",5,3,6,.46323383,1
27809094,2017,"301 Bens Ct","Felton","DE","19943",3,2,2,.23710202,1
27832542,2021,"39057 Pinewood Dr","Bethany Beach","DE","19930",4,4,7,1.8882451,0
27852189,2022,"34974 Todd Dr","Bethany Beach","DE","19930",4,2,6,2.4799855,1
28012840,2016,"26645 Lucky Ln","Millsboro","DE","19966",1,4,4,.23908375,0
28068840,2014,"","","DE","",5,2,5,2.0262508,0
28132812,2019,"922 24th St NW","Washington","DC","20037",4,3,6,1.5628207,0
28137075,2018,"1330 New Hampshire Ave NW","Washington","DC","20036",5,3,2,1.1236538,1
28163310,2021,"","WASHINGTON","DC","",3,4,6,1.5103936,1
28197312,2024,"4840 Macarthur Blvd NW","Washington","DC","20007",4,4,6,1.2997439,1
28216644,2020,"6413 Western Ave NW","Washington","DC","20015",1,4,7,1.5384538,0
28231805,2021,"2650 15th St NW","Washington","DC","20009",3,4,6,2.7799144,1
28245061,2021,"1390 Kenyon St NW","Washington","DC","20010",3,3,6,2.1454425,1
28259330,2016,"502 Powhatan Pl NW","Washington","DC","20011",3,3,6,1.3867135,1
28261140,2021,"406 Shepherd St NW","Washington","DC","20011",2,2,6,1.6520003,0
28301033,2021,"5112 Queens Stroll Pl SE","Washington","DC","20019",4,4,3,.58360326,0
28337855,2017,"3529 14th St NW","Washington","DC","20010",2,3,6,1.9251202,1
28349769,2019,"6710 NW 218th St","Alachua","FL","32615",1,3,4,.523287,0
28414039,2017,"2239 NW 41st Pl","Gainesville","FL","32605",4,4,7,.67738467,1
28448486,2015,"15300 Evergreen Cir","Glen Saint Mary","FL","32040",3,5,6,2.3825214,0
28671848,2015,"390 Riverside Ave","Merritt Island","FL","32953",5,3,6,1.0449715,0
28716353,2019,"3791 Chardonnay Dr","Rockledge","FL","32955",5,4,5,.93133795,1
28846815,2022,"3120 River Villa Way","Melbourne Beach","FL","32951",5,4,5,1.031281,0
29103859,2017,"1949 NE 5th St","Deerfield Beach","FL","33441",2,2,7,1.8489527,1
29167164,2017,"8341 Sands Point Blvd","Tamarac","FL","33321",2,4,6,1.3660724,0
29215857,2019,"2446 NW 52nd Ave","Lauderhill","FL","33313",3,4,5,1.1078209,1
29222988,2021,"8350 Sunrise Lakes Blvd","Sunrise","FL","33322",3,3,7,.88663226,0
29234269,2019,"10691 NW 14th St","Plantation","FL","33322",4,4,7,.92001534,1
29319352,2021,"1713 NW 13th Ave","Fort Lauderdale","FL","33311",2,4,7,.80080336,0
29343688,2025,"3223 NE 36th St","Fort Lauderdale","FL","33308",3,1,7,1.0900027,0
29366553,2023,"16676 Hemingway Dr","Weston","FL","33326",3,2,5,1.1593822,0
29425656,2015,"SW 87 TER","DAVIE","FL","33328",3,2,5,1.1262245,1
29468070,2017,"301 Tarpon Dr","Fort Lauderdale","FL","33301",4,5,3,1.2614872,1
29473501,2015,"1750 S Ocean Ln","Fort Lauderdale","FL","33316",4,3,4,2.0720439,1
29570563,2021,"10331 Iris Ct","Pembroke Pines","FL","33026",3,3,6,1.1069517,0
29575205,2019,"2091 NW 96th Ter","Pembroke Pines","FL","33024",2,3,7,1.6443119,0
29582678,2017,"7111 Taft St","Hollywood","FL","33024",2,4,6,1.7427926,1
29625655,2022,"757 SW 3rd St","Dania Beach","FL","33004",3,3,7,2.6979153,1
29704175,2019,"3415 N Ocean Dr","Hollywood","FL","33019",2,4,7,.36435097,1
29793934,2021,"308 Capatola St","Port Charlotte","FL","33948",1,2,7,.37326226,1
29824444,2020,"188 Mohawk Trl","Punta Gorda","FL","33980",2,3,2,1.1510012,0
29946280,2017,"9038 E Aqua Vista Dr","Inverness","FL","34450",3,5,5,2.3814883,1
30145298,2014,"SALT MYRTLE Ln","Fleming Island","FL","32003",4,3,4,.29239193,0
30336847,2023,"13407 Kent St","Naples","FL","34109",3,4,4,.60781425,1
30412684,2019,"2315 Tradition Way","Naples","FL","34105",3,2,5,.84695375,0
30424489,2017,"690 Nottingham Dr","Naples","FL","34109",4,4,6,.94954944,1
30483911,2018,"162 NE Tomona Gln","Lake City","FL","32055",3,3,7,.68455541,1
30503756,2022,"2747 SE Highway 70","Arcadia","FL","34266",2,3,6,1.3309851,0
30549203,2024,"5620 James C Johnson Rd","Jacksonville","FL","32218",3,3,5,.21926467,1
31013954,2021,"2521 Crockett St","Cantonment","FL","32533",3,3,6,.57602262,0
31171285,2023,"","","FL","32322",3,3,7,1.0975959,1
31186120,2017,"HARDAWAY HWY","CHATTAHOOCHEE","FL","32324",1,4,5,2.1339762,1
31258442,2016,"","","FL","",3,2,4,.72425187,1
31267070,2014,"435 Grove St","Bowling Green","FL","33834",2,4,5,.82491505,1
31416709,2019,"688 Petal Mist Ln","Brooksville","FL","34604",2,2,5,1.3077141,0
31495593,2015,"1895 S Jurgenson Rd","Avon Park","FL","33825",3,3,5,.62660617,1
31691783,2015,"1303 E Calhoun St","Plant City","FL","33563",4,1,4,2.7627649,1
31693223,2025,"506 N Daniels St","Plant City","FL","33563",3,4,7,1.3468344,0
31929036,2018,"2709 Sam Hicks Rd","Plant City","FL","33567",4,3,6,.26780269,0
32015127,2021,"1209 Custer Bayou St","Ruskin","FL","33570",4,5,6,.95087487,1
32019051,2015,"10645 Standing Stone Dr","Wimauma","FL","33598",3,4,2,1.4851729,1
32028500,2023,"6623 Rocky Park St","Tampa","FL","33625",2,2,5,1.1570309,1
32060360,2022,"1473 Highway 177","Bonifay","FL","32425",4,4,4,1.6478209,0
32229866,2015,"8 Cocos Plumosa Dr","Eustis","FL","32726",2,3,3,1.1573459,1
32284211,2024,"20500 Queen Alexandra Dr","Leesburg","FL","34748",5,2,5,1.2625225,1
32381945,2019,"15800 Old US Highway 441","Tavares","FL","32778",2,4,4,1.0878954,1
32532295,2015,"12800 Seaside Key Ct","North Fort Myers","FL","33903",4,3,6,1.3877831,1
32615457,2018,"527 Genesee Ave S","Lehigh Acres","FL","33974",3,2,5,.81857699,1
32658478,2015,"3624 NE 9th Ave","Cape Coral","FL","33909",4,2,4,.91017509,1
32673341,2020,"2223 Viscaya Pkwy","Cape Coral","FL","33990",3,5,3,.47290525,1
32734040,2015,"305 NE 29th Ter","Cape Coral","FL","33909",1,3,3,1.9276423,1
32844032,2020,"2201 SW 25th Ter","Cape Coral","FL","33914",3,2,6,1.1057711,1
32921720,2021,"21180 Bella Terra Blvd","Estero","FL","33928",2,2,5,2.4344418,1
32946462,2020,"5149/5151 26th St SW","Lehigh Acres","FL","33973",4,4,5,1.8331187,0
33151247,2020,"5030 Clubview Ct E","Bradenton","FL","34203",3,1,5,.82269895,1
33167805,2018,"4211 74th Ave E","Sarasota","FL","34243",3,1,6,1.9725087,1
33532191,2024,"17305 SE 82nd Pecan Ter","The Villages","FL","32162",2,4,6,.52361202,0
33536533,2015,"17030 SE 79th Clearview Ave","The Villages","FL","32162",3,3,6,1.1619375,1
33590609,2024,"NO SITUS","OCKLAWAHA","FL","32179",5,4,7,.52392745,0
33607771,2016,"1112 SW Squire Johns Ln","Palm City","FL","34990",3,1,6,.35674325,1
33921032,2020,"3408 W 84th St","Hialeah","FL","33018",4,3,5,1.1407375,1
34008316,2019,"1535 NW 8th Ter","Homestead","FL","33030",2,3,7,.55989492,1
34015745,2019,"3415 NE 1st St","Homestead","FL","33033",3,2,7,.9472971,1
34025506,2024,"2650 SE 12th Pl","Homestead","FL","33035",3,4,3,.88136935,1
34218150,2014,"9520 SW 8th St","Miami","FL","33174",3,3,7,1.748674,0
34317529,2018,"7155 SW 149th Ct","Miami","FL","33193",4,4,5,2.4970937,1
34336019,2017,"13602 SW 80th St","Miami","FL","33183",4,3,3,1.0579139,1
34469262,2017,"15380 Harrison Dr","Homestead","FL","33033",1,2,3,1.0496125,1
34522921,2022,"120 NE 211th St","Miami Gardens","FL","33179",5,5,4,1.1479979,1
34627749,2023,"1205 1st St","Key West","FL","33040",2,2,6,2.4824619,1
34737599,2014,"36750 Pine St","Hilliard","FL","32046",3,5,5,.29096663,1
34892631,2015,"NW 98TH ST","OKEECHOBEE","FL","34972",3,2,6,.83716238,0
34944415,2015,"1816 Rendale Dr","Orlando","FL","32805",3,3,2,2.0576551,1
34956352,2020,"3300 Tall Timber Dr","Orlando","FL","32812",3,4,4,1.1877359,1
35026759,2025,"1590 41st St","Orlando","FL","32839",2,3,4,.25370297,1
35181951,2024,"5820 Woodbine Dr","Belle Isle","FL","32809",2,3,4,.64326847,1
35256500,2020,"738 DEAN RD","ORLANDO","FL","32825",2,3,3,.66868246,0
35308565,2022,"9017 Esguerra Ct","Orlando","FL","32836",2,4,5,.27340141,1
35326169,2017,"234 Blue Stone Cir","Winter Garden","FL","34787",2,4,7,.4386251,1
35428031,2018,"5265 Sunset Canyon Dr","Kissimmee","FL","34758",2,3,4,1.6348974,1
36115980,2014,"180 Sparrow Dr","West Palm Beach","FL","33411",3,1,6,.58354634,1
36161657,2020,"2875 Cuyahoga Ln","West Palm Beach","FL","33409",2,2,6,.75493467,1
36639420,2024,"5472 36th Ave N","Saint Petersburg","FL","33710",3,2,7,.83624071,1
36677912,2019,"817 Winding Oaks Dr","Palm Harbor","FL","34683",3,3,6,.93571216,0
36693580,2025,"920 29th St N","Saint Petersburg","FL","33713",3,3,7,.89214158,1
36750467,2017,"9000 66th St N","Pinellas Park","FL","33782",3,2,5,.70034468,1
37070867,2017,"11241 Demille Rd","Polk City","FL","33868",3,3,6,1.2273755,1
37301041,2019,"3111 Sleepy Hill Rd","Lakeland","FL","33810",3,3,2,.24557704,1
37424581,2015,"218 Carrier Rd","Crescent City","FL","32112",2,2,6,.95543277,1
37437783,2018,"","","FL","",5,4,5,.51231718,1
37566380,2025,"351 Santorini Ct","Saint Augustine","FL","32086",3,3,7,1.1280684,0
37599823,2022,"4250 N Highway A1A","Fort Pierce","FL","34949",3,2,7,1.0385505,1
37623646,2020,"2607 Wildwood Ln","Fort Pierce","FL","34981",2,4,5,1.1031165,1
37645381,2024,"9875 Perfect Dr","Fort Pierce","FL","34950",4,5,7,.12694538,1
37711053,2020,"1931 SE Hurtis Pl","Pt Saint Lucie","FL","34952",2,5,6,.64044756,1
37732018,2025,"BLUEFIELD RD","","FL","34950",3,2,4,1.0121994,0
37734418,2022,"11741 SW Rossano Ln","Pt Saint Lucie","FL","34987",2,4,6,.28013933,0
37811576,2021,"2224 Janet St","Navarre","FL","32566",2,3,7,.3185657,1
37895752,2019,"4594 Trails Dr","Sarasota","FL","34232",3,3,5,1.0733531,1
37975191,2023,"6593 Tarawa Dr","Sarasota","FL","34241",3,2,4,2.1751659,0
38020419,2017,"MISSOURI RD","VENICE","FL","34293",2,4,5,.55614281,0
38335493,2019,"31 Bombay Ave","Winter Springs","FL","32708",3,3,5,.23110746,1
38351199,2018,"5330 Tattinger Ln","Oviedo","FL","32765",3,5,3,1.3046727,0
38351800,2023,"1313 Tappie Toorie Cir","Lake Mary","FL","32746",2,3,4,2.1354845,1
38372146,2019,"3663 Idlewood Loop","The Villages","FL","32162",2,2,2,1.2076257,1
38394958,2020,"1815 Huckleberry St","The Villages","FL","32162",3,3,5,2.2720189,1
38464575,2025,"9346 132nd Ter","Live Oak","FL","32060",3,3,5,1.4286424,1
38569439,2024,"930 Orange Ave","Daytona Beach","FL","32114",2,2,5,1.8879519,1
38653430,2022,"715 E Michigan Ave","Deland","FL","32724",4,4,3,.930278,1
39111681,2024,"284 Evergreen Rd","Fitzgerald","GA","31750",4,4,5,.62549567,1
39201148,2014,"47 Pine Hill Cir","Enigma","GA","31749",3,5,7,2.6581554,1
39317335,2020,"101 Elm St","Adairsville","GA","30103",3,4,6,1.5621936,1
39580911,2015,"1913 Sandy Trail Dr","Hampton","GA","30228",4,3,5,1.8794268,1
39665822,2024,"5504 Montgomery St","Savannah","GA","31405",3,4,4,.98055786,1
39674409,2024,"200 Swanee Ln","Woodstock","GA","30188",3,3,4,2.3012292,1
39721147,2019,"809 Greenwood Xing","Canton","GA","30115",4,4,5,1.004975,0
39737075,2016,"2951 Windrose Dr","Marietta","GA","30062",5,3,4,1.173653,0
39773049,2018,"362 Stringer Rd","Canton","GA","30115",3,2,5,1.9687071,0
40066946,2015,"","","GA","",4,4,5,.38670409,0
40089326,2014,"OLD HWY 76","","GA","",5,3,4,1.8936975,1
40160933,2022,"5315 Concordia Pl SE","Mableton","GA","30126",4,3,3,.71107924,0
40357219,2020,"81B-46A","","GA","",4,4,6,.2169503,1
40451859,2019,"1455 Holly Lake Cir","Snellville","GA","30078",4,4,4,1.4287505,1
40510178,2017,"717 Pine Grv","Peachtree City","GA","30269",3,4,5,.75126177,1
40598448,2018,"4360 Granby Cir","Cumming","GA","30041",1,3,4,.89709938,0
40656345,2022,"4140 Sublime Trl","Atlanta","GA","30349",2,3,7,2.0132401,1
40730003,2021,"3292 N ENCLAVE GT STE","","GA","",1,1,6,.67843938,0
40776453,2018,"324 E RAILROAD AV","","GA","",4,3,6,1.353145,1
40911096,2023,"2580 Windy Hill Rd","Marietta","GA","30067",2,3,4,.93651062,1
41029408,2016,"5498 Francis Dr","Lilburn","GA","30047",2,2,6,.83257741,0
41198903,2017,"312A Duke Ave","Warner Robins","GA","31093",2,5,7,.14300476,1
41280571,2022,"3803 N Henry Blvd","Stockbridge","GA","30281",3,2,6,1.3664958,1
41333797,2023,"120 Ralph McGill Blvd NE","Atlanta","GA","30308",2,1,2,2.3252299,1
41357742,2022,"5457 Spalding Dr","Peachtree Corners","GA","30092",4,3,5,1.262452,0
41362765,2019,"1403 Ligon Trl","McDonough","GA","30253",4,3,4,.13591371,1
41418614,2020,"HOLLY DR","","GA","31705",5,3,6,1.5876961,1
41442969,2016,"2854 Grand Ave SW","Atlanta","GA","30315",3,2,5,.28248993,1
41606703,2016,"411 Old River Rd","Juliette","GA","31046",2,2,4,.9226501,1
41666600,2015,"262 Clarion Rd","Lawrenceville","GA","30043",2,1,5,1.9553945,1
41680626,2024,"6837 Scarlet Oak Way","Flowery Branch","GA","30542",1,4,6,1.3849914,1
41693150,2022,"1425 Saint Michael Ave","East Pt","GA","30344",3,3,6,.4363822,1
41816553,2023,"4660 Allison Dr","Sugar Hill","GA","30518",3,3,4,1.1045743,0
42061967,2020,"7169 Willow Oak Dr","Columbus","GA","31909",5,5,7,.7355935,0
42166210,2020,"50 Jonna Ln","Covington","GA","30016",2,1,6,.26813117,1
42171694,2021,"N SYCAMORE ST","","GA","31778",2,5,7,1.1153544,1
42305665,2020,"SKY LAKE RD","","GA","",3,3,5,1.4022768,0
42407318,2023,"326 E View Dr","Augusta","GA","30901",3,4,6,.3246651,0
42412072,2016,"2722 Lakewood Dr","Augusta","GA","30904",2,3,7,.90549201,0
42452835,2022,"8115 Albany Hwy","Millwood","GA","31552",3,2,5,1.0295957,1
42541617,2014,"3238 Highway 88","Blythe","GA","30805",5,3,7,2.4395573,1
42848013,2025,"366 THORNWOOD DR","CALHOUN","GA","30701",2,1,7,.95915365,1
42851313,2020,"795 Hammond Dr","Sandy Springs","GA","30328",3,3,3,.24340728,1
42864683,2019,"751 Floyd Rd","Calhoun","GA","30701",1,2,5,.84878618,1
42963501,2020,"THRASHER LN","","GA","",1,3,7,.68384171,0
42978470,2018,"1077 Juniper St NE","Atlanta","GA","30309",3,2,4,.35373008,0
42986876,2015,"WHEELER RD","","GA","",3,3,5,.053614534,1
42999684,2022,"3706 Columbia Dr","Martinez","GA","30907",4,4,5,.44127995,1
43013441,2016,"203 Fraser St","Hinesville","GA","31313",2,3,6,.83078849,1
43131994,2022,"2370 CHARLESTON POINTE","ATLANTA","GA","30316",3,2,5,1.0966151,0
43310723,2025,"2132 River Acres Ct","Lithonia","GA","30058",3,2,4,.65091735,1
43417509,2015,"2053 Mountain Industrial Blvd","Tucker","GA","30084",3,4,6,.4106344,0
43436071,2019,"812 Morningside Dr","Dalton","GA","30721",2,3,5,1.4625435,1
43441988,2014,"1304 Shady Ln","Dalton","GA","30721",3,2,7,1.4473773,0
43472301,2025,"3480 Havalyn Ln","Atlanta","GA","30340",1,4,7,.68310577,0
43532264,2021,"342 Mill Creek Rd","Dahlonega","GA","30533",3,4,7,.55771607,1
43623959,2014,"794 Grist Mill Dr","Acworth","GA","30101",3,2,6,1.9683889,0
43631169,2019,"39 Barberry Ln","Dallas","GA","30132",3,5,6,.47102931,1
43656400,2024,"89 Paces Lakes Pte","Dallas","GA","30157",4,1,6,.6992746,1
43673532,2020,"174 Oakley Way","Dallas","GA","30132",2,4,6,2.1762037,1
43778770,2021,"","","HI","",4,4,7,.54648596,0
43784764,2014,"2692 Palalani Pl","Makawao","HI","96768",1,2,6,2.2182763,1
43789196,2016,"MALAMA STREET","","HI","",1,3,4,.035109855,0
43819693,2025,"700 Kahakuloa Rd","Wailuku","HI","96793",4,3,7,.36522412,1
43833366,2022,"980 Eha St","Wailuku","HI","96793",3,4,4,2.0397549,1
44045829,2021,"74-5068 Huaala St","Kailua Kona","HI","96740",3,4,1,1.1363871,1
44087374,2018,"737 Olokele Ave","Honolulu","HI","96816",4,2,5,1.8522806,1
44095307,2023,"2125 Haena Dr","Honolulu","HI","96822",3,4,7,.023020627,1
44102018,2014,"3284 Oahu Ave","Honolulu","HI","96822",2,3,7,.65430319,0
44119657,2019,"1704 Mikahala Way","Honolulu","HI","96816",2,4,5,2.3525596,1
44128127,2017,"201 Wailupe Cir","Honolulu","HI","96821",3,1,4,1.3845999,1
44169277,2019,"46-271 Heeia St","Kaneohe","HI","96744",4,3,5,.6248818,1
44229913,2024,"92-1200 Palahia St","Kapolei","HI","96707",2,3,6,1.1459663,0
44242619,2024,"94-202 Hokulewa Loop","Mililani","HI","96789",3,4,3,.74684829,1
44297197,2023,"1388 Ala Moana Blvd","Honolulu","HI","96814",1,4,4,1.6442467,1
44312377,2022,"218 Bear Lake Ln","Fish Haven","ID","83287",5,4,7,1.6938438,1
44472056,2019,"1657 Highland Dr","Blackfoot","ID","83221",1,4,5,1.6977632,0
44483127,2017,"575 Northrup Ave","Idaho Falls","ID","83401",2,2,7,1.6968966,1
44535253,2020,"202 S Franklin St","Firth","ID","83236",1,3,5,.6451019,0
44610677,2023,"64 Fir St","Rupert","ID","83350",1,4,4,.62342387,1
44702152,2023,"","","ID","",4,3,6,.86528218,1
44755136,2024,"","","ID","",2,4,7,1.2848134,1
44780207,2019,"","","ID","",4,1,6,.45243749,1
44856512,2020,"2932 S Chieftain Way","Boise","ID","83709",1,3,6,.62147999,0
45018393,2022,"2807 Greenvale Pl","Nampa","ID","83686",3,4,2,.65261883,1
45060732,2020,"2075 SE 3rd Way","Meridian","ID","83642",3,4,4,.63613212,0
45125130,2023,"","","ID","",4,2,5,1.6829774,0
45160999,2015,"615 Stadium St","Nampa","ID","83686",1,2,5,.90079933,1
45335804,2024,"631 Preston Ave","Lewiston","ID","83501",3,2,5,1.1415527,1
45408695,2018,"354 Marjorie St","Twin Falls","ID","83301",2,5,6,1.2020359,1
45548179,2018,"17190 Scenic Ridge Rd","Savanna","IL","61074",3,4,3,1.5435712,1
45642529,2020,"","","IL","",3,5,6,1.7055199,1
45840193,2017,"1448 N Yale Ave","Arlington Heights","IL","60004",3,5,5,.91093093,1
45878596,2016,"2738 Maple Ave","Northbrook","IL","60062",2,1,4,.96031511,1
45902267,2014,"705 Greenwood Rd","Glenview","IL","60025",2,3,3,.98840773,1
45932009,2017,"2042 Bonita Ln","Hoffman Estates","IL","60192",4,4,7,1.9952074,1
46055127,2015,"8912 Olcott Ave","Morton Grove","IL","60053",3,4,4,1.5159353,0
46086107,2015,"712 Wesley Dr","Park Ridge","IL","60068",2,2,5,1.2144914,1
46218459,2019,"4448 Soo Line Ln","Schiller Park","IL","60176",3,2,5,2.6053288,0
46223942,2025,"3338 Emerson St","Franklin Park","IL","60131",2,4,7,1.3263636,1
46271054,2023,"6331 N Oak Park Ave","Chicago","IL","60631",2,2,6,.509561,1
46307805,2022,"3300 W Irving Park Rd","Chicago","IL","60618",3,1,7,1.1773933,1
46320330,2017,"4116 N Mango Ave","Chicago","IL","60634",2,5,2,2.1326461,1
46366335,2021,"3005 N Mason Ave","Chicago","IL","60634",3,2,6,.18092237,1
46523915,2024,"1531 N 19th Ave","Melrose Park","IL","60160",3,2,5,1.0024673,1
46530779,2015,"1811 Calvin Ave","Berkeley","IL","60163",3,2,6,.32252896,0
46582913,2019,"3713 Grand Blvd","Brookfield","IL","60513",3,3,5,1.1470279,1
46816017,2014,"625 W Jackson Blvd","Chicago","IL","60661",3,2,7,.8298068,0
46821957,2015,"899 S Plymouth Ct","Chicago","IL","60605",2,3,6,1.2901461,0
46887802,2022,"3734 S Normal Ave","Chicago","IL","60609",3,4,7,1.1953204,1
46891408,2021,"3546 S King Dr","Chicago","IL","60653",2,4,7,.30756286,0
46950636,2022,"5304 S Mulligan Ave","Chicago","IL","60638",3,4,3,1.6707078,1
46996643,2019,"3633 W 69th Pl","Chicago","IL","60629",2,3,6,.61487252,1
47233677,2023,"11537 S Neenah Ave","Worth","IL","60482",3,2,6,1.130524,0
47267471,2020,"9426 S Saint Lawrence Ave","Chicago","IL","60619",3,3,6,.17308316,1
47296752,2020,"410 E 109th St","Chicago","IL","60628",3,3,6,2.4786129,1
47303208,2014,"1553 W 110th St","Chicago","IL","60643",5,3,7,.73880982,1
47330593,2019,"2333 Florence St","Blue Island","IL","60406",1,5,4,1.048291,1
47335572,2021,"350 W 137th St","Riverdale","IL","60827",3,2,6,2.6022775,1
47364139,2014,"9011 Orland Ct","Orland Park","IL","60462",3,3,5,1.9316726,1
47548550,2015,"22134 Hawthorne Way","Richton Park","IL","60471",2,1,5,2.2333417,0
47553599,2023,"20 S Orchard Dr","Park Forest","IL","60466",4,3,4,2.4096286,0
47584533,2023,"109 Algonquin St","Park Forest","IL","60466",2,3,6,1.1298412,1
47602324,2014,"3903 W Dakin St","Chicago","IL","60618",3,3,5,1.2756029,1
47845181,2014,"3S670 Wilbur Ave","Warrenville","IL","60555",4,3,3,.66352826,0
48101197,2020,"111 E Elm Ave","Effingham","IL","62401",3,2,5,.78987557,1
48221323,2025,"","","IL","",5,4,3,1.448676,1
48235984,2019,"","","IL","",3,2,7,.51120871,1
48241710,2015,"139 W Roosevelt Ave","Shawneetown","IL","62984",3,4,6,1.9207575,0
48342291,2014,"","","IL","",4,3,5,1.6720982,1
48373533,2025,"15984 N 800th Ave","Cambridge","IL","61238",3,3,6,.65405804,1
48480840,2020,"","","IL","",5,3,7,.98380005,1
48555812,2022,"1616 Hannah Ln","Hampshire","IL","60140",3,4,6,1.1700046,1
48762459,2020,"","KANKAKEE","IL","60901",3,3,6,.61273175,0
48773386,2019,"511 N 4000 RD E","KANKAKEE","IL","60901",2,2,6,1.7931939,1
48794943,2014,"STATE ST","CABERY","IL","60919",3,3,4,2.4253616,1
48894447,2016,"330 North Ave","Antioch","IL","60002",5,4,5,.36031166,0
48920156,2019,"1500 23rd St","Zion","IL","60099",3,3,7,2.4229817,1
48936220,2022,"3317 N Bayview Ln","McHenry","IL","60051",3,4,5,1.9709401,0
49035120,2018,"DARRELL RD","PORT BARRINGTON","IL","60010",3,2,7,.25278178,0
49087825,2017,"180 N Rainbow Rd","North Barrington","IL","60010",2,4,7,.60220522,1
49182111,2017,"","","IL","",2,3,4,1.1096432,1
49249211,2022,"R R","LAWRENCEVILLE","IL","62439",3,3,4,1.4088628,1
49395046,2025,"674 Morris Ct","Lakemoor","IL","60051",2,1,7,.86673516,1
49459060,2016,"125 WILLIAMS ST","CRYSTAL LAKE","IL","60014",3,3,7,.53543228,1
49543025,2021,"1010 Arlene Ct","Bloomington","IL","61701",5,2,7,1.4504305,1
49554439,2018,"4723 N 1625 East Rd","Heyworth","IL","61745",4,3,5,.82857609,1
49601238,2020,"4010 Bayview Dr","Decatur","IL","62521",4,4,6,1.828704,1
49727609,2015,"2408 Angela Dr","Granite City","IL","62040",3,4,7,1.7984291,1
49764188,2018,"4 Lexington Ct","Granite City","IL","62040",3,4,5,1.0098878,0
49842385,2021,"651 County Road 650 N","Sparland","IL","61565",2,4,6,1.6211619,0
49891250,2017,"304 W Liberty St","Joy","IL","61260",3,3,6,.44072628,1
50026326,2017,"2225 W Broadland Dr","Dunlap","IL","61525",4,1,5,1.1813906,1
50035347,2024,"6404 N Post Oak Rd","Peoria","IL","61615",3,4,5,.85631841,0
50200614,2017,"","","IL","",3,5,5,.67757398,0
50434057,2015,"1215 U S 45","","IL","",3,3,5,1.4096571,1
50520022,2019,"1525 Cherry Rd","Leland Grove","IL","62704",4,4,4,.04287111,0
50645820,2021,"1524 Kingsbury Rd","Washington","IL","61571",3,2,6,.77594548,0
50657600,2025,"1107 N 15th St","Pekin","IL","61554",4,5,6,.68542445,1
50990169,2025,"2952 Hillcrest Cir","Naperville","IL","60564",3,2,4,.12402023,1
51256800,2014,"14181 White School Rd","South Beloit","IL","61080",5,4,7,1.3871615,0
51400687,2022,"12424 State Route 205","Churubusco","IN","46723",2,2,4,1.8864005,0
51461966,2024,"4411 W 950 N","Edinburgh","IN","46124",4,1,4,2.2910404,1
51501435,2025,"2402 Prestwick Ct","Lebanon","IN","46052",3,3,5,.63994646,1
51578633,2025,"OLD VINCENNES RD","FLOYDS KNOBS","IN","47119",4,3,4,.21277933,0
51581553,2024,"W ST RD 218","DELPHI","IN","46923",4,4,6,.98252201,0
51588154,2016,"1850 Dogwood Estates Rd NW","Palmyra","IN","47164",3,3,7,.68324518,1
51597236,2025,"8680 N 500 W","McCordsville","IN","46055",4,3,1,2.5837572,1
51606540,2017,"2464 N Buck Creek Rd","Greenfield","IN","46140",4,2,6,.18279465,0
51705625,2021,"1835 Dean St","Huntington","IN","46750",2,2,5,1.4622123,0
51954290,2022,"701 W 6th St","Rochester","IN","46975",1,3,6,.78804278,1
51971827,2015,"FOREMAN DR NYONA LK","MACY","IN","46951",4,3,7,.60854828,1
52151232,2019,"W HWY 6","LA PORTE","IN","46350",3,2,3,.29723802,0
52172031,2021,"650 W","Waynetown","IN","47990",5,3,4,.92030203,1
52193853,2019,"SR 23","KNOX","IN","46534",2,2,7,1.4403245,1
52257736,2019,"828 W 5th St","Anderson","IN","46016",3,4,4,1.6218575,0
52322570,2020,"1003 Oakcrest Dr","Angola","IN","46703",2,2,7,1.5323708,0
52355918,2018,"107 Shepherd Dr","Chesterfield","IN","46017",2,3,5,.11886649,1
52515569,2015,"100 N","Logansport","IN","46947",2,4,5,1.7492776,1
52618843,2015,"VACANT","CARBON","IN","47837",2,3,2,.16320649,1
52635781,2017,"508 Ringo Dr","Brazil","IN","47834",4,3,3,.21411802,1
52679373,2014,"427 W Fairway Dr","Brazil","IN","47834",4,3,7,1.8824512,1
52719319,2014,"7 E 70th St","Indianapolis","IN","46220",3,3,5,2.1365061,1
52720057,2015,"8210 Mystic Dr","Fort Wayne","IN","46835",4,4,3,.67319977,1
52822185,2025,"5721 Dry Gulch Turn Ct","Terre Haute","IN","47805",3,1,3,1.1926502,1
52877865,2023,"373 N Main St","Montgomery","IN","47558",4,3,6,1.4703152,0
52975054,2020,"1400 N","Roachdale","IN","46172",5,3,4,.95618856,0
53053923,2023,"4303 Dahlia Ct","Indianapolis","IN","46220",2,3,5,1.0135905,0
53350447,2017,"1412 E South St","South Bend","IN","46615",4,4,4,2.4101191,1
53357986,2025,"1624 New Garden Rd","Fountain City","IN","47341",4,3,7,.21404369,0
53650731,2022,"2457 E Crampton Rd","Columbia City","IN","46725",3,2,6,.15302752,1
53674838,2023,"6104 Maple Branch Pl","Indianapolis","IN","46221",5,3,7,.6030798,1
54067460,2015,"147 W Main St","Greenwood","IN","46142",2,1,6,1.4484652,0
54106967,2025,"1329 Ash Tree Ct","Greenwood","IN","46143",2,1,4,1.7376101,1
54183892,2025,"504 W Wharton Dr","Marion","IN","46952",2,3,7,2.5592287,1
54320879,2014,"338 N Nichols St","Lowell","IN","46356",4,5,5,1.0533499,0
54357273,2019,"E NORTH ST","MORRISTOWN","IN","46161",2,4,7,.90123343,0
54480643,2015,"MCPIKE BRANCH RD","NORMAN","IN","47264",4,4,7,.4502067,1
54505612,2019,"HWY 50 E","BEDFORD","IN","47421",2,5,7,.53785425,1
54505643,2023,"EASTSIDE LN","BEDFORD","IN","47421",4,5,6,1.6223379,0
54777163,2018,"2285 Lake St","Portage","IN","46368",1,2,3,1.2652427,1
54924908,2020,"923 Riverview Dr","Bluffton","IN","46714",3,3,4,.79939187,1
55003448,2016,"","","IA","",3,2,7,1.7643217,1
55055606,2018,"1778 Dry Ridge Dr","Lansing","IA","52151",4,1,6,.95306897,1
55354772,2020,"110TH AVE","LAKE PARK","IA","51347",3,2,7,1.1915028,0
55763461,2025,"","ALBURNETT","IA","52202",5,3,3,2.1494541,1
55900139,2023,"","","IA","",3,2,3,1.3119608,0
56139165,2024,"12376 71st Ave","Blue Grass","IA","52726",2,3,7,1.140844,0
56155779,2024,"210 Lynn St","Donnellson","IA","52625",3,1,3,.5645873,1
56215267,2020,"1521 Avenue C","Fort Madison","IA","52627",2,3,7,1.5335672,1
56293755,2022,"","","IA","",2,4,5,1.3810104,1
56332772,2018,"1065 230th St","Boone","IA","50036",1,4,2,1.8216681,1
56492775,2021,"","","IA","",3,3,4,.18748221,0
56520668,2014,"34144 160th Ave","Forest City","IA","50436",3,1,7,1.5898684,0
56553892,2019,"26925 Gaston Ave","Glenwood","IA","51534",5,4,5,2.3129492,0
56655540,2015,"506 Boyd St","Des Moines","IA","50313",3,5,5,1.4436804,1
56658439,2025,"1415 Clinton Ave","Des Moines","IA","50313",3,3,5,2.1992435,1
56672667,2017,"","","IA","",2,3,7,.26528379,0
56742995,2015,"2518 E Marion St","Des Moines","IA","50320",3,2,6,2.4379783,0
56767986,2023,"401 Vine Ave NE","Mitchellville","IA","50169",3,3,4,1.7477176,0
56915798,2014,"638 16th St","Nevada","IA","50201",4,3,5,.44157064,0
56957619,2016,"","","IA","",5,2,2,.44515395,0
57419851,2025,"","","IA","",3,4,4,1.7510223,1
57431735,2019,"","","IA","",5,4,6,1.7125534,1
57568237,2016,"308 N Neill St","Farlington","KS","66734",4,4,6,1.0709873,1
57589543,2022,"610 E 9th Ave","Winfield","KS","67156",4,3,3,.62894714,1
57714681,2014,"NW 30 RD","GREAT BEND","KS","67530",3,3,6,1.0834464,1
57791465,2017,"4128 Doolittle Dr","Lawrence","KS","66049",3,4,6,1.726023,0
57832912,2017,"18694 McLouth Rd","Tonganoxie","KS","66086",2,3,6,.5446955,0
57867234,2016,"213 W 6th St","Lincolnville","KS","66858",4,2,4,1.9050461,1
57868319,2023,"2701 Trail Dust Ct","Lawrence","KS","66046",1,3,7,.88508081,0
57868339,2017,"1206 E 25th Ter","Lawrence","KS","66046",5,3,4,1.6899016,0
58000980,2024,"KANSA CUTOFF","WAMEGO","KS","66547",2,3,6,.50843585,1
58051349,2025,"SW 20TH ST","PRATT","KS","67124",1,3,6,.5242371,1
58092489,2024,"1419 Oak St","Salina","KS","67401",1,3,7,.77611548,1
58106389,2015,"25052 Harper Rd","Dennis","KS","67341",3,3,7,1.399245,1
58338625,2017,"W 221ST ST","OSAGE CITY","KS","66523",4,3,5,1.7754067,1
58398517,2014,"5546 Belinder Rd","Fairway","KS","66205",5,3,6,1.7571723,1
58535579,2022,"LANDLOCKED","WILSEY","KS","66873",3,3,4,.91961402,0
58538007,2017,"101 N Bluestem Rd","Leon","KS","67074",3,4,6,.61938053,1
58675119,2025,"313 E Stockdale St","Randolph","KS","66554",3,1,5,.57555485,1
58737828,2018,"14043 330 AVE","","KS","",2,3,3,.79670107,0
58771634,2021,"10115 Lowell Ave","Overland Park","KS","66212",2,4,6,2.6353116,1
58790750,2022,"5112 Sewell Ave","Kansas City","KS","66104",3,1,4,2.2723989,0
58963803,2016,"","","KS","",3,3,5,1.6987183,1
59028502,2021,"526 N Cleveland Ave","Wichita","KS","67214",2,5,7,.17554963,0
59179859,2017,"CAMPBRANCH","THORNTON","KY","41855",5,2,3,.31643763,1
59273348,2015,"2084 SHERIDAN DR","HEBRON","KY","41048",3,2,2,1.2261064,1
59311244,2020,"1106  Vimont St","Millersburg","KY","40348",3,3,4,.43275437,0
59361146,2019,"10042 GOLDEN POND DR","UNION","KY","41091",3,2,6,2.7362294,0
59616903,2015,"105 FREEDOM WAY","FLATWOODS","KY","41139",2,4,6,.47146663,1
59648795,2019,"1988 STATE HIGHWAY 1947","GRAYSON","KY","41143",3,4,4,1.1537259,1
59836883,2023,"6065 ANTON RD","MADISONVILLE","KY","42431",2,3,6,1.8769695,1
59844000,2021,"1809 HORSESHOE DR","ASHLAND","KY","41102",3,3,4,.38752991,0
59881923,2020,"421 PACIFIC AVE","OAK GROVE","KY","42262",4,3,3,.6938253,1
60135591,2025,"85 THOROUGHBRED CT","VINE GROVE","KY","40175",4,4,6,.041003089,1
60224319,2023,"228 OLD DAVISTOWN SCHOOL RD","LANCASTER","KY","40444",3,5,2,1.9449779,1
60298911,2024,"303 E WHITMER ST","CENTRAL CITY","KY","42330",3,2,6,1.4497834,1
60310787,2021,"95 HALL ST","DRAKESBORO","KY","42337",3,3,4,1.6848038,1
60462114,2019,"750 HIGHWAY 26","WILLIAMSBURG","KY","40769",3,2,7,1.3004377,0
60489608,2015,"4751 KY ROUTE 850","PRESTONSBURG","KY","41653",3,2,6,.48775983,1
60504358,2020,"550 WHITE OAK CHURCH RD","LONDON","KY","40741",4,3,2,.89880389,1
60522647,2020,"16 LEWISPORT HEIGHTS LN","LEWISPORT","KY","42351",4,3,4,1.4380325,0
60523037,2024,"1545 E NEW CIRCLE RD","LEXINGTON","KY","40509",5,5,4,.91389328,0
60657216,2020,"2712 CLAY ST","PADUCAH","KY","42001",3,3,7,.16355477,1
60690369,2023,"638 KY HIGHWAY 3248","STANFORD","KY","40484",3,3,5,.72227943,0
60721356,2016,"733 E JEFFERSON ST","LOUISVILLE","KY","40202",3,2,5,1.2326742,1
60736589,2017,"898 N BRUSHY FRK","SALYERSVILLE","KY","41465",2,2,6,.57109165,1
60780486,2018,"244 WHITE OAK TRCE","LEXINGTON","KY","40511",4,4,6,1.1218374,1
60876890,2022,"1317 AMSTERDAM RD","PARK HILLS","KY","41011",4,3,6,1.8824024,1
60968181,2021,"3147 WINDERMERE HL","COVINGTON","KY","41015",1,2,2,.41170633,1
61195105,2019,"11929 N WILDERNESS RD","MOUNT VERNON","KY","40456",3,3,7,.33939517,1
61246426,2017,"935 OLD ZION CHURCH RD","WOODBURN","KY","42170",1,1,2,1.4988146,1
61256389,2015,"1722 DEERWOOD AVE","LOUISVILLE","KY","40205",2,2,6,1.324546,0
61404474,2018,"6611 STANA DR","LOUISVILLE","KY","40258",4,5,5,2.7286036,1
61408583,2025,"112 OLD TOWNE RD","LOUISVILLE","KY","40214",3,2,6,1.5385276,1
61601498,2024,"1130 E Dawn St","Gonzales","LA","70737",3,5,4,.1780068,1
61643328,2015,"BANTAM TRACKS RD","","LA","",3,3,7,1.9912913,1
61671496,2022,"18277 Autumn View Dr","Prairieville","LA","70769",4,4,6,.88335055,0
61830791,2025,"902 NE Railroad Ave","Ville Platte","LA","70586",4,3,3,.83595812,0
61995269,2015,"812 S Adams Ave","Rayne","LA","70578",2,3,7,.29491052,1
62049061,2016,"144 Quail Trl","Homer","LA","71040",4,3,5,.39405367,1
62091462,2019,"1615 Harlem St","Winnsboro","LA","71295",2,4,5,.81004488,1
62227396,2021,"5109 Nicholson Dr","Baton Rouge","LA","70820",2,5,3,1.6681697,1
62358846,2017,"800 Honeysuckle St","Gretna","LA","70056",5,3,5,2.6107666,1
62558587,2024,"1416 Rollins Rd","Zachary","LA","70791",1,4,7,2.1545961,1
62605420,2016,"11491 Meadow View Dr","Denham Springs","LA","70726",3,4,6,.27118704,0
62634465,2023,"20564 Iowa St","Livingston","LA","70754",3,5,7,1.8026503,1
62651353,2018,"","","LA","",2,4,5,1.5862353,1
62781041,2015,"178 Chouest Ln","Buras","LA","70041",1,4,7,.48642713,1
62832535,2019,"612 Vfw Rd","West Monroe","LA","71292",4,4,4,.95549893,1
63170236,2023,"132 Orchard Rd","River Ridge","LA","70123",4,4,1,.26314935,0
63267777,2018,"118 HERRING ST","LEESVILLE","LA","71446",4,4,6,.83960038,0
63295875,2014,"550 Connells Park Ln","Baton Rouge","LA","70806",1,3,7,.12796573,0
63435482,2024,"3504 Louisa St","New Orleans","LA","70126",4,4,4,.49271566,1
63518766,2021,"13334 Lourdes St","New Orleans","LA","70129",5,2,7,.29270962,1
63615070,2014,"1804 Wagner St","New Orleans","LA","70114",3,3,5,1.5331494,1
63638321,2015,"","","LA","",2,2,6,1.7421057,0
63643389,2016,"","","LA","",3,3,6,1.3338051,0
63659378,2024,"PRATT DR","","LA","",2,3,7,1.2488656,1
63678189,2025,"HWY 112","","LA","",1,2,6,.98282427,1
63769234,2015,"19391 S Fitzmorris Rd","Covington","LA","70435",3,4,6,.59834081,0
63769542,2023,"","","LA","",2,4,7,.96641779,1
63889814,2025,"410 Miller Dr","Kentwood","LA","70444",2,5,7,.51272756,0
63976407,2020,"543 W Main St","Thibodaux","LA","70301",2,3,3,.1349096,1
64045095,2024,"1704 Dunkirk St","Slidell","LA","70461",2,3,4,.81594193,1
64330563,2022,"25 Old Boston Rd","Strong","ME","04983",4,1,5,1.887971,0
64342460,2018,"139 Fenderson Hl N","Wilton","ME","04294",3,4,7,.37591907,0
64366756,2018,"385 US Highway 1","Hancock","ME","04640",3,4,6,.37204552,1
64391160,2014,"1406 W Alna Rd","Alna","ME","04535",3,2,5,.95661151,1
64451612,2022,"BARNES RD","DRESDEN","ME","04342",5,3,5,1.2867031,1
64485435,2022,"401 Miller Rd","Waldoboro","ME","04572",4,3,6,.73014307,1
64718498,2016,"96 Hilltop Dr","Skowhegan","ME","04976",2,2,6,1.6113131,1
64734541,2021,"","SWANVILLE","ME","04915",5,4,3,2.4005902,1
64749640,2023,"134 Beachwood Ave","Kennebunkport","ME","04046",1,1,5,2.4384778,0
64764069,2024,"53 Manson Rd","Kittery","ME","03904",4,2,7,1.4598609,0
64893438,2017,"108 Depot St","Buckfield","ME","04220",3,3,3,.77828801,0
64951244,2020,"1351 Post Rd","Wells","ME","04090",3,4,6,.82474065,1
64991941,2025,"65 Agamenticus Rd","South Berwick","ME","03908",4,3,3,.43160787,0
65042730,2017,"BAY RD","JONESBORO","ME","04648",3,1,7,1.7505523,1
65162115,2019,"SCITTERYGUSSETT DR","FALMOUTH","ME","04105",2,1,5,1.7380316,0
65337949,2016,"24 Thruway Dr","Colora","MD","21917",2,3,6,.40256253,0
65354576,2019,"4811 Steele Neck Rd","Vienna","MD","21869",4,2,4,.87492669,0
65384250,2021,"26427 Peninsular Dr","Hollywood","MD","20636",1,3,5,2.0066903,1
65516234,2016,"7421 Hayward Rd","Frederick","MD","21702",2,4,6,2.3821361,1
65573060,2016,"846 Steer Horn Ln","Lusby","MD","20657",3,5,3,.62194574,1
65708156,2014,"DEBOLD RD","","MD","",1,4,5,.94889885,1
65822008,2016,"311 Johnson Farm Ln","Glen Burnie","MD","21061",4,3,6,2.3749924,1
65838210,2018,"1726 Boggs Rd","Forest Hill","MD","21050",3,3,6,1.5978026,1
65881508,2015,"3508 Smith Rd","Darlington","MD","21034",3,3,5,1.1764464,1
65900727,2024,"2126 Line Bridge Rd","Whiteford","MD","21160",3,3,5,1.3614451,1
65924140,2021,"7225 Darby Downs","Elkridge","MD","21075",2,4,6,1.486904,0
66009603,2014,"284 Michener Ct E","Severna Park","MD","21146",4,4,7,.42330423,1
66108873,2021,"WHITESVILLE RD","DELMAR","MD","21875",3,5,6,1.6454904,0
66262487,2017,"1406 Arbutus Dr","Salisbury","MD","21804",2,3,6,.2248362,0
66381519,2025,"2102 Saint James Rd","Accokeek","MD","20607",3,4,6,1.4631616,1
66483713,2016,"TAZEWELL TER","","MD","",2,4,6,1.3816075,0
66516876,2017,"3523 Ellerton Rd","Bowie","MD","20716",2,5,4,.61017984,1
66554505,2025,"13 Wetherfield Ct","Potomac","MD","20854",2,2,6,1.2204437,1
66614305,2017,"11413 Cosca Park Pl","Clinton","MD","20735",2,1,6,.56890279,0
66629181,2014,"5901 Carlton Ln","Bethesda","MD","20816",3,3,5,.31077954,1
66642982,2017,"134 N Luzerne Ave","Baltimore","MD","21224",4,2,2,1.1258653,0
66670731,2016,"1406 Darley Ave","Baltimore","MD","21213",3,2,5,.43386903,1
66686745,2021,"5301 Westbard Cir","Bethesda","MD","20816",4,3,4,1.0989496,1
66687315,2018,"9855 Bristol Square Ln","Bethesda","MD","20814",2,3,7,.65304941,1
66734244,2021,"3608 Dixon St","Temple Hills","MD","20748",2,2,6,1.2385813,1
66798616,2020,"3131 N Calvert St","Baltimore","MD","21218",4,4,5,.76799643,1
66814119,2020,"1715 Dutch Village Dr","Landover","MD","20785",2,3,6,1.0321038,1
66919847,2014,"5411 Jacks Ct","Baltimore","MD","21228",2,3,6,.29976574,1
66965860,2023,"8433 12th Ave","Silver Spring","MD","20903",2,3,6,.7826975,1
66971299,2016,"2931 Mosher St","Baltimore","MD","21216",3,2,7,.54979962,1
66994277,2016,"1520 Ramsay St","Baltimore","MD","21223",4,4,5,2.3651159,1
67079769,2014,"8679 Greenbelt Rd","Greenbelt","MD","20770",2,4,5,.35004899,0
67129787,2018,"8274 Kings Crown Rd","Baltimore","MD","21208",2,3,6,.19113757,1
67303958,2016,"2050 E Federal St","Baltimore","MD","21213",4,2,6,1.1424011,0
67346305,2019,"302 Paladium Ct","Owings Mills","MD","21117",3,3,6,1.3481816,0
67350244,2025,"18916 Middletown Rd","Parkton","MD","21120",4,2,4,.68298095,1
67438166,2015,"18 Stillwood Cir","Baltimore","MD","21236",1,2,5,.46952444,1
67586435,2022,"17 Bellmore St","Attleboro","MA","02703",2,2,7,.57434797,1
67609683,2015,"31 Dreamers Way","Oak Bluffs","MA","02557",1,1,6,.85697258,1
67724563,2022,"26 Pine Tree Rd","Chatham","MA","02633",1,2,6,.28603348,1
67751797,2019,"37 Lucia Dr","Pittsfield","MA","01201",3,4,4,.7316218,0
67799930,2018,"MILL RIVER GREAT BARRINGT","NEW MARLBORO","MA","01230",4,4,7,1.7069122,1
67893941,2016,"52 Fryeville Rd","Orange","MA","01364",2,2,5,.34802669,1
67908254,2022,"145 Santuit Rd","Cotuit","MA","02635",3,2,5,.85099596,1
67953246,2024,"50 Haskell St","Agawam","MA","01001",2,3,5,.83591104,1
67977716,2024,"24 Ottawa St","Agawam","MA","01001",3,4,5,.17453057,1
68034204,2021,"65 Partridge Ln","Chicopee","MA","01022",2,4,4,2.1786561,0
68277074,2017,"222 Pearl St","Springfield","MA","01105",2,3,5,1.6586856,0
68326357,2016,"57-59 Tyler St","Springfield","MA","01109",4,4,7,2.0228195,1
68335745,2017,"73R Warren Ave","Plymouth","MA","02360",4,2,6,.22929263,0
68339632,2021,"1200 Wilbraham Rd","Springfield","MA","01119",5,4,6,.30218673,0
68353268,2022,"10 Seal Cove Rd","Plymouth","MA","02360",3,2,5,.12145796,1
68361242,2024,"104 S Loomis St","Southwick","MA","01077",2,4,5,.62967044,0
68421411,2021,"TRAINFIELD HL","WESTFIELD","MA","01085",3,3,4,1.8964111,1
68482767,2015,"18 Normandy Rd","Lynn","MA","01902",2,1,3,.22204973,0
68501813,2018,"WATATIC POND RD","ASHBURNHAM","MA","01430",3,4,4,.73839998,1
68570288,2017,"11 Abbott St","Merrimac","MA","01860",2,1,5,.43612099,1
68621226,2025,"160 Levin Rd","Rockland","MA","02370",5,1,5,.41459599,1
68663463,2020,"34 Persimmon Dr","Scituate","MA","02066",2,3,6,.45350298,0
68714934,2014,"34 Boxberry Ln","West Yarmouth","MA","02673",4,3,7,2.1930559,1
68815144,2025,"2 Fieldstone Dr","Westport","MA","02790",3,3,4,.40062577,1
68838611,2015,"11 Wedgewood Ln","Millbury","MA","01527",4,4,7,1.786498,0
68967398,2023,"100 Pulaski Blvd","Bellingham","MA","02019",3,3,5,.096095018,1
68998901,2022,"N BROOKFIELD RD","SPENCER","MA","01562",2,2,5,.80020148,1
69047425,2017,"58 Hartness Rd","Sutton","MA","01590",3,2,7,1.481216,1
69175716,2017,"5 Standish Rd","Norfolk","MA","02056",3,4,6,1.421674,1
69272377,2015,"101 Fellsway W","Medford","MA","02155",3,3,7,1.8476971,1
69278772,2025,"94 Atlantic Ave","Salisbury","MA","01952",4,3,7,2.2199013,0
69296696,2019,"41 Jerome St","Medford","MA","02155",3,3,6,1.7296205,1
69509123,2021,"323 Dover Rd","Westwood","MA","02090",3,2,6,1.9519024,1
69534887,2018,"41 Leslie Rd","Newton","MA","02466",2,3,6,.3216165,1
69536129,2014,"247 Pearl St","Braintree","MA","02184",4,3,6,1.6235484,1
69642128,2021,"1315 Andover St","Tewksbury","MA","01876",1,3,5,.76112282,1
69911705,2015,"180 Park Ln","Concord","MA","01742",3,3,6,.59186912,1
69912768,2021,"61 Maple St","Concord","MA","01742",4,1,3,1.183722,1
69922540,2021,"11 Aqueduct Rd","Wayland","MA","01778",3,2,5,2.2474642,0
70026880,2022,"203 Winthrop Shore Dr","Winthrop","MA","02152",2,4,7,.75128591,1
70035572,2024,"220 Temple St","West Roxbury","MA","02132",2,4,6,1.2806972,1
70346809,2016,"609 N Hampton St","Bay City","MI","48708",3,2,6,2.1518064,1
70425385,2014,"5900 Creekview Dr","Stevensville","MI","49127",3,4,4,1.027377,1
70579578,2018,"VARIOUS","ATHENS","MI","49011",3,3,4,1.0568699,1
70600154,2016,"29913 RUNKLE ST","NILES","MI","49120",3,4,5,.1708893,1
70652374,2019,"1109 Charlo St","Charlevoix","MI","49720",2,3,5,1.1258022,1
70685622,2019,"","WOLVERINE","MI","49799",4,2,4,1.3770913,1
70696153,2015,"5624 W Ten Mile Rd","Dafter","MI","49724",4,3,6,1.573009,0
70853372,2020,"COUNTY 509 Y RD","RAPID RIVER","MI","49878",2,2,7,.49853376,0
70897316,2022,"","","MI","",3,3,6,.29187822,1
71185197,2016,"W BEAVERTON RD","BEAVERTON","MI","48612",1,3,6,.26538971,0
71309180,2014,"1209 W Adams Rd","Saint Louis","MI","48880",4,3,5,1.6524448,0
71539803,2025,"812 Oak St","East Lansing","MI","48823",3,3,5,1.0064812,1
71617699,2018,"705 W State St","East Tawas","MI","48730",3,5,5,1.0894496,1
71877609,2014,"8157 KELLOGG RD NW","ALDEN","MI","49612",3,3,4,.90941489,0
71922680,2015,"310 E DIVISION ST","ROCKFORD","MI","49341",2,4,6,.75707102,0
72068316,2025,"435 STONEHENGE ST SE","KENTWOOD","MI","49548",3,4,3,1.2882746,1
72200390,2015,"PERSONAL PROPERTY RETIRED","","MI","",1,4,6,1.1666214,0
72276663,2015,"1234 Sherman St","Adrian","MI","49221",5,2,5,1.4762022,1
72436160,2025,"","","MI","",3,2,7,1.9742396,1
72445706,2017,"","","MI","",3,3,7,1.3139431,1
72459148,2016,"15530 Crescentwood Ave","Eastpointe","MI","48021",3,4,7,.40263778,0
72746908,2018,"8989 Speedway Dr","Shelby Township","MI","48317",3,2,5,2.2505364,1
72798107,2019,"7111 ELEVEN MILE","WARREN","MI","48092",2,5,7,.34553242,0
72980150,2024,"392 N Lewis Rd","Shepherd","MI","48883",2,4,6,.9424324,0
73019892,2023,"MULTI/LOCATION ACCOUNT","MIDLAND","MI","",2,3,6,1.9756993,1
73063578,2019,"2079 Sterns Rd","Erie","MI","48133",3,3,5,.57216334,1
73192155,2019,"17765 1st St","Atlanta","MI","49709",4,3,7,1.1342306,0
73293047,2025,"2121 Latimer Dr","Muskegon","MI","49442",3,2,7,2.3793778,1
73520894,2014,"2805 Benjamin Ave","Royal Oak","MI","48073",2,4,5,2.6564851,1
73642080,2018,"1151 Enterprise Dr","Commerce Township","MI","48390",2,3,4,1.121798,1
73833965,2021,"2243 W Pike Rd","New Era","MI","49446",2,4,7,.33110917,1
73886320,2015,"","","MI","",3,3,7,.082978562,1
73901306,2017,"5549 220th Ave","Reed City","MI","49677",2,3,5,1.0367019,1
73920318,2019,"5142 Henry Hwy","Lewiston","MI","49756",4,4,6,.29563421,1
73950765,2014,"761 Logmark Trl","Gaylord","MI","49735",4,3,7,1.3741618,1
73964687,2021,"1024 Washington Ave","Grand Haven","MI","49417",4,3,6,1.1014639,0
73974045,2019,"10949 Wren Dr","Nunica","MI","49448",2,4,3,1.1761675,0
74008052,2025,"2821 Parkside Dr","Jenison","MI","49428",3,4,2,.19681114,0
74085294,2016,"128 Columbus Ave","Grand Haven","MI","49417",2,5,5,.29518631,1
74275534,2016,"1 Tuscola St","Saginaw","MI","48607",4,3,4,.55537456,0
74327859,2015,"1530 Scott Ave","Port Huron","MI","48060",4,3,7,1.496594,0
74453276,2023,"801 Portage Ave","Three Rivers","MI","49093",3,3,5,2.3531682,0
74582844,2014,"","VASSAR","MI","48768",3,3,6,1.50274,1
74628928,2023,"110 Hillsborough St","Hartford","MI","49057",3,2,6,.27764618,1
74754001,2025,"13762 E Austin Rd","Manchester","MI","48158",2,5,6,1.6837242,1
74800267,2024,"6860 Wellington Dr","Dexter","MI","48130",4,3,2,1.2654837,0
74869998,2025,"1946 E Canfield St","Detroit","MI","48207",2,2,7,.47488233,0
74945725,2023,"6190 Concord St","Detroit","MI","48211",3,2,5,.73346835,1
75004591,2016,"6665 Barton St","Detroit","MI","48210",4,2,7,.71110946,0
75020352,2017,"1624 Cadillac Blvd","Detroit","MI","48214",3,2,6,1.0876864,1
75171476,2025,"14611 Faust Ave","Detroit","MI","48223",1,3,7,2.8749962,1
75253647,2024,"4010 17th St","Ecorse","MI","48229",3,3,7,.8476398,1
75393883,2024,"14392 Hamilton St","Riverview","MI","48193",1,3,6,.64205939,1
75403730,2021,"12828 Peach St","Southgate","MI","48195",3,2,6,1.665329,1
75484669,2022,"26860 Parkside Dr","Taylor","MI","48180",4,2,7,.23658848,0
75741801,2022,"8948 S 45th Rd","Cadillac","MI","49601",4,2,7,1.3245631,1
75769424,2023,"26 126th Ln NW","Coon Rapids","MN","55448",3,4,3,1.3061732,1
75790273,2015,"","","MN","",2,2,3,1.19723,0
75814107,2017,"12974 Meadow Creek Dr","New Ulm","MN","56073",3,3,7,1.3263024,0
75827918,2022,"","","MN","",2,3,3,.92148131,1
75842946,2014,"11530 Point Comfort Ct NE","Bemidji","MN","56601",3,3,5,.8493374,1
76057705,2014,"249 1st Ave","Gonvick","MN","56644",2,3,7,1.2094067,0
76217015,2015,"1052 Ironwood Ln SW","Garfield","MN","56332",1,2,6,1.4817491,0
76226848,2021,"9948 County Road 15 SW","Kensington","MN","56343",2,2,6,1.5266411,0
76620154,2017,"53131 241st St","Austin","MN","55912",4,5,6,1.1918592,0
76907340,2023,"5002 State Highway 27","Browns Valley","MN","56219",1,2,6,2.2822518,1
76988170,2018,"6541 46th Ave SE","Saint Cloud","MN","56304",3,2,2,.90047216,1
77025594,2016,"1040 24th Ave NW","Owatonna","MN","55060",3,3,7,.82629496,0
77116993,2014,"19545 Elgin St NW","Elk River","MN","55330",4,2,4,.48908854,1
77151125,2018,"","","MN","",2,1,6,.97001803,0
77174650,2021,"11290 80th Ave SE","Clear Lake","MN","55319",3,2,7,.63535672,1
77288507,2021,"1301 Woodpark Rd","Winona","MN","55987",2,3,6,.67792928,0
77336950,2021,"3420 Golfview Dr","Eagan","MN","55123",4,3,7,.65022492,0
77350147,2015,"","","MN","",2,4,6,2.1193793,0
77402610,2020,"4319 Grand Ave S","Minneapolis","MN","55409",3,3,4,.10163324,0
77640037,2014,"9240 Hillside Trl S","Cottage Grove","MN","55016",2,4,6,1.5168982,0
77838126,2017,"5584 138th St N","Hugo","MN","55038",3,2,7,1.7272714,1
77847860,2019,"12360 75th St N","Stillwater","MN","55082",1,2,5,.40845498,1
77856088,2016,"3657 Ensign Ave N","New Hope","MN","55427",1,3,4,1.2590499,0
77923594,2025,"","","MN","",4,2,5,.74554807,1
77933534,2018,"","","MN","",2,3,3,.94348449,1
77955100,2021,"20798 Gemini Trl","Lakeville","MN","55044",3,4,6,.14812277,1
77989281,2016,"","","MN","",3,2,7,.30582127,1
78034994,2015,"4420 80th Ave N","Brooklyn Park","MN","55443",2,4,6,.4308002,0
78043911,2016,"5445 Elliot Ave","Minneapolis","MN","55417",3,4,6,1.3860853,1
78081126,2021,"2790 Evergreen Ln N","Plymouth","MN","55441",3,4,5,1.3519678,0
78101865,2023,"2304 Pershing St","Duluth","MN","55811",2,2,4,1.804382,1
78299076,2016,"7099 Old Vermilion Trl","Duluth","MN","55803",3,3,4,.49666679,1
78374186,2025,"1483 Charles Ave","Saint Paul","MN","55104",3,3,5,.63245517,1
78559168,2018,"1712 111th St","Slayton","MN","56172",3,1,6,.70055342,0
78579938,2017,"2377 140th Ave","Ruthton","MN","56170",3,2,3,1.2661698,1
78607681,2017,"808 E Main St","Belle Plaine","MN","56011",5,2,4,1.7021389,0
78926943,2018,"5926 Redbud Ln NW","Rochester","MN","55901",3,1,6,1.2035148,0
79083979,2017,"14177 Cable Bridge Rd","Gulfport","MS","39503",3,1,7,1.6013167,0
79124795,2023,"3376 ATTALA RD 1154","KOSCIUSKO","MS","",3,4,6,2.7864466,0
79255772,2016,"BARRETT AVE","","MS","",5,4,6,1.2405701,0
79295472,2022,"12156 Kent Ave","Gulfport","MS","39503",2,4,2,.53451824,1
79633961,2020,"","","MS","",2,3,5,.2732996,0
79714025,2023,"N UTICA ST","","MS","",3,2,6,1.7702115,1
79850466,2024,"","OXFORD","MS","",4,2,6,1.0540189,0
80000514,2017,"4886 Alden Lake Dr W","Horn Lake","MS","38637",3,4,7,1.3174926,1
80076502,2025,"1800 GLOSTER ST NORTH","Tupelo","MS","",2,5,3,1.2418461,1
80114183,2019,"50427 S Harmony Rd","Amory","MS","38821",3,4,6,.73342299,1
80313128,2019,"311 Road 1199","Plantersville","MS","38862",4,3,6,.28240669,1
80315895,2021,"GRAVEL RD","","MS","",4,2,7,.48833719,1
80350017,2020,"","","MS","",3,5,3,1.7248062,1
80395675,2017,"310 Critz St","Starkville","MS","39759",2,3,5,.84830517,0
80415496,2023,"","","MS","",3,1,5,.75077492,1
80417391,2023,"CR 651","","MS","",3,3,6,.22671674,0
80455874,2022,"217 Broad St","Batesville","MS","38606",3,2,6,.38721982,0
80490841,2021,"","","MS","",3,3,4,.77978593,1
80787229,2014,"1019 Woodland Ln","Summit","MS","39666",4,2,4,1.5953133,1
80908254,2021,"","","MS","",4,2,7,.38170269,1
80937870,2015,"128 Mellonwoods Ln","Mendenhall","MS","39114",3,3,7,1.7603844,0
80953616,2019,"214 Old Highway 26","Perkinston","MS","39573",3,2,6,.74062985,1
81062698,2023,"907 Coachman Dr","Pleasant Hill","MO","64080",3,3,6,1.7894237,1
81192797,2016,"206 Plutarch St","Marble Hill","MO","63764",3,3,4,2.0649126,0
81407283,2021,"3515 Wakefield Dr","Columbia","MO","65203",4,1,6,2.1394353,1
81544896,2020,"904 County Road 324","Cape Girardeau","MO","63701",3,2,6,.040100139,0
81557099,2019,"WARDSVILLE RD","","MO","65101",3,5,3,.60002822,1
81569707,2017,"MARKET ST","PORTLAND","MO","65067",2,5,6,.99366319,0
81628218,2014,"2937 N National Ave","Springfield","MO","65803",4,1,5,1.9209858,1
81646901,2023,"ST HWY 15","PARIS","MO","",4,4,3,.67598182,0
81719547,2017,"1147 W Hamilton St","Springfield","MO","65802",1,2,6,1.0784163,0
81751415,2014,"","","MO","",5,4,6,2.2397394,1
81771816,2024,"4759 County Road 1340","Pomona","MO","65789",1,3,5,.71604401,1
81926390,2021,"1195 SE 125th Rd","Knob Noster","MO","65336",3,3,5,.47139719,1
81933683,2024,"ON STATE HWY J","","MO","",4,3,5,.28147325,0
81974353,2017,"332 W Grant St","Republic","MO","65738",2,4,3,.40102673,0
82002400,2017,"357 Little Sparrow Dr","Beaufort","MO","63013",3,3,2,1.1826791,0
82011991,2024,"919 S Shuyler St","Republic","MO","65738",5,4,4,1.048952,0
82245377,2017,"176 Reba Ln","Saint Clair","MO","63077",2,1,4,.39330655,0
82247191,2024,"268 Lovelace Ln","Elsberry","MO","63343",2,5,7,1.1122416,1
82255247,2021,"","","MO","",4,2,5,1.5409001,0
82347715,2015,"","","MO","",1,2,7,2.4470072,1
82480256,2016,"","","MO","",4,4,7,.76439786,0
82508192,2017,"910 Bluestem Rd","Ozark","MO","65721",2,2,6,.55865771,1
82574710,2015,"1205 Burrows Ave","Cainsville","MO","64632",3,2,6,2.3881805,1
82707879,2017,"635 S Fuller Ave","Independence","MO","64052",3,3,6,1.8502513,1
82725580,2020,"","","MO","",2,4,6,.59592068,1
82758599,2021,"","","MO","",4,3,6,1.8690169,0
82851963,2021,"1102 N Main St","Salem","MO","65560",4,3,7,1.1871734,0
82963647,2017,"BRADBURY CT","SAINT PETERS","MO","63376",3,2,5,1.1152915,0
83329432,2022,"","","MO","",2,4,6,1.6963654,0
83353238,2015,"2519 SW Mitchell St","Oak Grove","MO","64075",4,3,6,.53848946,1
83421941,2020,"1360 N Elizabeth Ave","Saint Louis","MO","63135",3,2,6,2.3846488,1
83462017,2016,"407 Cottage Grove Dr","Wentzville","MO","63385",4,4,5,1.2477899,0
83671424,2024,"7710 Augusta Ave","Saint Louis","MO","63121",3,2,7,.49705556,0
83701424,2018,"3241 Royalton Ave","Saint Louis","MO","63114",3,4,3,.80455446,1
83847797,2023,"2518 Loughboro Rd","Park Hills","MO","63601",3,3,3,1.4921128,1
83911305,2015,"","","MO","",4,4,7,1.200814,1
84162368,2019,"4545 Thrush Ave","Saint Louis","MO","63120",5,4,7,.80781674,0
84346226,2021,"","","MT","",3,3,5,.76089191,1
84366557,2023,"","Bridger","MT","59014",1,4,6,2.2267897,1
84430099,2021,"816 Main St","Fort Benton","MT","59442",4,4,7,1.8609681,1
84538925,2018,"2545 Trailcrest Dr","Bozeman","MT","59718",2,2,4,.074955113,1
84557409,2018,"","","MT","",4,3,3,1.9534317,1
84558256,2015,"","","MT","",1,5,7,.81996918,0
84562217,2021,"3206 Valley Dr E","Miles City","MT","59301",2,2,3,1.5272681,0
84704263,2017,"3225 4th Ave S","Great Falls","MT","59405",5,5,3,1.7617582,1
84867888,2022,"382 Cherry Creek Rd","Thompson Falls","MT","59873",3,3,6,1.2636154,1
84873785,2023,"","","MT","",2,3,5,2.2156904,1
84971277,2017,"1838 Poly Dr","Billings","MT","59102",4,2,7,1.97588,1
85013539,2025,"1208 Avenue F","Billings","MT","59102",2,3,4,.06073349,0
85241810,2014,"","BIG ARM","MT","59910",3,2,5,.32825899,1
85251104,2017,"","","MT","",5,4,5,.88247418,1
85289876,2020,"2319 US Highway 89 S","Emigrant","MT","59027",5,4,7,.29661474,1
85336581,2016,"418 M St","Neligh","NE","68756",3,3,3,.63964385,1
85442785,2021,"","","NE","",2,2,6,2.4659939,1
85480812,2015,"","","NE","",2,2,4,2.3688674,0
85490799,2016,"","HARBINE","NE","68377",3,5,5,1.7070868,0
85515032,2023,"101 S Custer St","Comstock","NE","68828",3,4,5,1.1452342,1
85634238,2016,"4220 Summer Cir","Grand Island","NE","68803",2,4,4,1.5631479,1
85657976,2018,"","","NE","",2,2,7,1.0463237,1
85681390,2015,"","","NE","",4,4,3,.85639608,1
85715356,2014,"","","NE","",2,3,7,.430482,1
85785829,2018,"","","NE","",3,2,6,1.075233,1
85789814,2024,"1600 W 12th St","Crete","NE","68333",4,4,7,2.7079551,0
85794073,2024,"","","NE","",3,3,4,.86485976,1
86074904,2018,"","","NE","",1,2,7,.77997166,1
86112001,2014,"330132 County Road L","Minatare","NE","69356",4,1,6,.9501552,0
86287305,2018,"5165 Jackson St","Omaha","NE","68106",3,3,6,.6408124,1
86338636,2023,"7710 Park View Blvd","La Vista","NE","68128",3,3,7,.53686965,0
86348547,2022,"CEDARDALE RD","PAPILLION","NE","",3,4,6,.7732783,1
86375756,2025,"15255 U St","Omaha","NE","68137",4,2,6,.80513054,1
86454837,2014,"13009 S 49th St","Papillion","NE","68133",3,5,6,.62266487,1
86547087,2016,"407 N West St","Yerington","NV","89447",1,3,5,.089200437,0
86666780,2016,"323 Mica Cir","Carson City","NV","89706",2,5,6,1.4206194,1
86676130,2016,"165 Curry Dr","Fernley","NV","89408",4,2,7,1.0434922,1
86772578,2025,"E MOANA LN","RENO","NV","89509",2,3,7,.96183902,0
86808603,2014,"2925 Sapphire Sands Ct","North Las Vegas","NV","89031",2,3,3,.63312632,0
86823383,2020,"3870 W Ann Rd","North Las Vegas","NV","89031",3,4,3,.78369951,0
86838159,2022,"4201 Largo Ave","Pahrump","NV","89061",2,3,7,1.294848,1
86889316,2019,"","","NV","",2,4,7,.18671533,1
86999103,2021,"10881 Crooked Canyon Dr","Reno","NV","89521",4,1,5,1.627068,1
87057304,2017,"945 Ambrosia Dr","Las Vegas","NV","89138",2,4,5,.64950848,1
87133512,2021,"8610 Gasparilla Way","Verdi","NV","89439",3,3,7,.59490943,0
87169885,2015,"240 Kipling St","Las Vegas","NV","89107",2,2,6,.79714191,1
87188649,2016,"7921 Celebreeze Ct","Las Vegas","NV","89145",3,2,3,.13390563,1
87197367,2016,"4636 Cantina Rey St","North Las Vegas","NV","89081",4,4,3,.49376947,1
87259309,2021,"2455 Creeping Rosemary Ct","Las Vegas","NV","89115",3,5,4,1.8694689,1
87293670,2019,"913 Rhyolite Ter","Henderson","NV","89011",2,4,7,2.2790627,1
87355586,2024,"4300 Tara Ave","Las Vegas","NV","89102",3,4,7,.36745816,1
87358699,2020,"222 Karen Ave","Las Vegas","NV","89109",3,4,5,1.6455224,1
87445358,2018,"5865 W Rochelle Ave","Las Vegas","NV","89103",4,3,7,.33468419,0
87527254,2021,"7754 Flowering Quince Dr","Las Vegas","NV","89179",4,2,6,1.3920916,0
87614365,2022,"1875 Hillsboro Dr","Henderson","NV","89074",3,3,7,.19451426,0
87704848,2016,"1160 Strada Cristallo","Henderson","NV","89011",4,1,7,1.2229065,0
87874188,2014,"96 Hilliard Rd","Laconia","NH","03246",3,1,7,1.3074002,1
87882748,2025,"5 Hersey Way","Canaan","NH","03741",3,5,7,.13419455,1
87896450,2023,"498 Stickney Hill Rd","Hopkinton","NH","03229",3,2,4,.82097989,0
87934213,2022,"31 Oak Knoll Rd","Meredith","NH","03253",2,4,5,.64517885,1
87938433,2025,"4 Fairview Ave","Pembroke","NH","03275",4,5,6,.36814359,0
88073743,2020,"1 Whittemore Dr","Derry","NH","03038",3,3,2,2.1783686,0
88095446,2021,"POND RD NS","","NH","03872",4,2,7,2.5588527,0
88138437,2025,"3 Public Cir","Epping","NH","03042",3,4,6,1.6344817,1
88284501,2015,"14 Nixon Park","Portsmouth","NH","03801",1,3,6,1.5522747,1
88363040,2018,"72 Elgin St","Nashua","NH","03060",3,5,7,1.6288323,1
88426422,2020,"29 Moon Shadow Dr","Pelham","NH","03076",5,4,4,.73542178,1
88478992,2021,"34 Beech Hill Rd","Weare","NH","03281",4,4,7,1.4030037,1
88481906,2017,"JEWETT RD","WEARE","NH","03281",3,5,5,.96428519,1
88530930,2015,"62 Draper Mill Rd","Grantham","NH","03753",4,2,6,1.2424259,1
88552147,2025,"DOLE SCHOOL HOUSE","WASHINGTON","NH","03280",5,1,5,1.5467561,0
88611266,2014,"90 Porter Ave","Bergenfield","NJ","07621",4,3,5,1.3285487,1
88698340,2019,"29 Willis Dr","Trenton","NJ","08628",1,4,6,2.7442005,1
88698969,2018,"46 Vincent Dr","Burlington","NJ","08016",3,5,7,.14671914,0
88903607,2014,"2211 S Clinton Ave","Trenton","NJ","08610",1,3,4,.8102892,0
88934527,2018,"176 Miller Ave","Elmwood Park","NJ","07407",3,3,5,.91539609,1
89032568,2019,"153 Ocean Rd","Ocean City","NJ","08226",3,4,5,.78013486,1
89077855,2023,"15 Newell Ave","Cherry Hill","NJ","08034",4,3,7,.57636607,1
89168567,2015,"9208 Amherst Ave","Margate City","NJ","08402",2,3,6,.34798279,1
89241603,2015,"453 Wistar Pl","Glassboro","NJ","08028",5,3,5,1.0364724,0
89310824,2023,"610 Pedricktown Rd","Logan Township","NJ","08085",2,2,6,.21148042,1
89333550,2016,"1203 Genesee St","Trenton","NJ","08610",3,2,5,1.6050655,1
89342451,2014,"1030 Brunswick Ave","Trenton","NJ","08638",1,3,7,1.5127327,1
89355198,2014,"1400 N Black Horse Pike","Williamstown","NJ","08094",1,4,5,.69307595,0
89386470,2014,"18 Hoffman Dr","Califon","NJ","07830",4,4,6,1.122321,1
89447060,2024,"36 Saddle Shop Rd","Ringoes","NJ","08551",5,1,5,1.05957,1
89517482,2014,"12 Birch Grove Ln","Turnersville","NJ","08012",3,4,6,1.645714,1
89562055,2023,"HADDON AVE","","NJ","08108",2,4,4,1.1682618,1
89563888,2017,"5 Sergeantsville Rd","Flemington","NJ","08822",4,2,5,.52801937,1
89633754,2021,"377 Manor Ave","Penns Grove","NJ","08069",3,4,5,1.0188863,1
89811756,2025,"45 Cleveland Ave","Newark","NJ","07106",2,1,6,1.275902,1
89880889,2015,"191 Nelson Ave","Jersey City","NJ","07307",2,1,5,.41375515,1
89982464,2017,"109 Collard St","Jersey City","NJ","07306",4,3,4,.062347434,0
89998653,2020,"551-553 Grier Ave","Elizabeth","NJ","07202",4,3,3,.76197124,1
89998864,2014,"4 White Rock Ter","Holmdel","NJ","07733",3,3,4,1.2012016,1
90061348,2014,"71 Cascades Ave","Howell","NJ","07731",3,5,7,.23540358,1
90075753,2014,"28 White Birch Rd","Morristown","NJ","07960",2,5,7,2.0520892,0
90084134,2015,"87 Hillcrest Ave","Morristown","NJ","07960",4,5,6,.88773853,1
90104263,2025,"89 Tennyson St","Carteret","NJ","07008",2,3,5,.75205791,0
90172883,2015,"1287 White St","Hillside","NJ","07205",2,2,5,1.7400224,0
90180229,2021,"72 Lamerson Cir","Budd Lake","NJ","07828",3,5,3,.97126204,0
90346112,2014,"4 Quail Run","Randolph","NJ","07869",3,3,4,2.2335923,1
90379015,2025,"1877-79 Woodbridge Ave","Edison","NJ","08817",2,3,7,.3866595,0
90399830,2024,"15 Meyer Rd","Edison","NJ","08817",3,4,7,.17134038,0
90454576,2023,"175 Walnut St","Northvale","NJ","07647",3,2,5,.60430264,0
90467777,2022,"17 Dogwood Dr","Barnegat","NJ","08005",3,2,6,.29460549,1
90609416,2024,"2641 State Route 57","Stewartsville","NJ","08886",3,3,5,1.3538778,1
90661363,2017,"128 W Westside Ave","Red Bank","NJ","07701",3,3,6,.47456923,1
90745255,2024,"269C Glen Rd","Monroe Township","NJ","08831",2,3,3,1.9358428,0
90764917,2023,"380 Newark Ave","Jersey City","NJ","07302",4,3,6,1.9483824,1
90791484,2018,"9 Ardsleigh Pl","Monroe Township","NJ","08831",3,3,7,1.5336596,1
90818932,2025,"2721 Linwood Rd","Union","NJ","07083",1,1,5,1.0626955,1
90929602,2022,"144 Saint Lawrence Blvd","Brick","NJ","08723",4,5,5,.40790132,1
90938248,2015,"20 Horizon Blvd","South Hackensack","NJ","07606",4,2,4,1.6563778,0
91027036,2021,"5 Andes Ct","Brick","NJ","08724",2,2,6,.43963423,1
91061074,2015,"47 Bergen Ave","Waldwick","NJ","07463",4,3,6,.069121845,1
91091235,2023,"2341 Mount Hood Ln","Toms River","NJ","08753",2,2,5,1.0076278,0
91103530,2024,"301-303 Richmond Ave","Paterson","NJ","07502",2,2,3,1.3245966,0
91146583,2016,"1512 Forrest Trail Cir","Toms River","NJ","08753",4,3,6,1.9053714,0
91600486,2022,"94 Autumn Ln","Skillman","NJ","08558",3,4,3,1.3459187,0
91633070,2025,"120 W 16th St","Beach Haven","NJ","08008",3,4,6,.22343771,1
91664550,2019,"40 Dock Ave","Waretown","NJ","08758",2,4,6,.90224886,1
91717792,2017,"365 Cedar Swamp Rd","Jackson","NJ","08527",2,2,7,1.1049094,1
91801907,2014,"19 Forest Dr","Roswell","NM","88203",4,1,3,.55872613,1
91898539,2015,"","","NM","88232",3,4,5,1.3310528,1
91988854,2016,"","","NM","",2,1,6,1.9476033,1
92107318,2025,"4616 Marbella Dr NW","Albuquerque","NM","87120",4,4,4,.19280176,1
92111488,2023,"","","NM","",3,4,6,.85738218,1
92207202,2021,"","","NM","",2,2,6,1.3573093,0
92215067,2017,"16 Ehart Canyon Rd","Sacramento","NM","88347",2,1,6,1.4208685,1
92294910,2018,"12000 Cascada Azul Pl NW","Albuquerque","NM","87114",4,3,6,.62462407,1
92570567,2021,"","","NM","",3,3,4,.91122288,1
92670704,2016,"1038 Jane St NE","Albuquerque","NM","87112",4,3,7,.96533769,1
92671954,2016,"5520 Patagonia Dr","Las Cruces","NM","88011",2,2,3,.09708792,1
92726246,2015,"","","NM","",2,3,4,1.4494362,1
92812879,2014,"","","NM","",3,3,3,.85640496,1
92898793,2019,"","","NM","",3,3,6,1.8394226,0
92910823,2016,"","","NM","",3,3,7,2.5774398,1
93030606,2023,"6 Road 3179","Aztec","NM","87410",4,2,7,1.084492,0
93041488,2023,"410 CUMMINGS DR","","NM","",2,4,6,1.960646,1
93089175,2024,"","","NM","",3,4,4,1.8142729,1
93299441,2014,"4 Well Tank Rd","Santa Fe","NM","87508",4,1,4,1.3654733,0
93629551,2025,"872 TRINITY AVE","BRONX","NY","10456",3,1,4,.14164305,1
93631746,2017,"120 GALE PL","BRONX","NY","10463",4,3,6,.77895617,1
93781193,2016,"701 Erie St","Little Valley","NY","14755",3,3,7,1.2839586,1
93833042,2020,"5348 Lockwood Rd","Auburn","NY","13021",3,1,3,.51756042,0
94014645,2023,"2010 Rand Hill Rd","Altona","NY","12910",3,4,4,1.0034907,1
94047098,2016,"661 Durand Rd","Plattsburgh","NY","12901",2,2,6,2.2027106,0
94129249,2018,"12731 State Highway 28","Delhi","NY","13753",2,4,1,.47445303,1
94189678,2016,"200 Westage Business Center Dr","Fishkill","NY","12524",3,5,6,1.7758589,0
94263246,2018,"54 Hamlin Rd","Buffalo","NY","14208",2,1,6,2.1002288,1
94305987,2018,"62 Trowbridge St","Buffalo","NY","14220",3,4,6,.79611379,1
94358680,2023,"318 Morgan St","Tonawanda","NY","14150",3,1,4,.88034135,0
94407198,2018,"153 Hamilton Dr","Buffalo","NY","14226",3,1,5,.71121287,1
94539328,2023,"772 Town Line Rd","Lancaster","NY","14086",3,4,5,.79387742,1
94548736,2020,"110 Skyline Dr","Akron","NY","14001",3,4,3,1.9834403,1
94561278,2021,"60 Quaker Lake Ter","Orchard Park","NY","14127",4,3,6,.39261943,0
94606386,2015,"1725 Center Rd","Buffalo","NY","14224",4,2,4,.9379223,1
94613635,2018,"175 Fawn Trl","Buffalo","NY","14224",3,2,6,.67780948,1
94750151,2018,"8065 State Street Rd","Batavia","NY","14020",4,3,1,1.993911,1
94761550,2022,"75 S Main St","Oakfield","NY","14125",4,3,3,.657013,1
94800086,2017,"294 New Baltimore Rd","West Coxsackie","NY","12192",4,4,6,.84784675,0
94813904,2020,"48 Rocky Point Cir","Inlet","NY","13360",4,3,5,1.8137317,1
94866230,2019,"419 Broadway Ave W","Watertown","NY","13601",3,3,7,2.0194638,1
94882514,2019,"140 ESSELSTYNE ST","CAPE VINCENT","NY","13618",1,2,5,.4798902,0
94929795,2014,"42 SIDNEY PL","BROOKLYN","NY","11201",3,4,6,2.4553797,1
95012509,2020,"165 HARRISON AVE","BROOKLYN","NY","11206",3,5,6,1.6136601,0
95045890,2021,"699 THOMAS S BOYLAND ST","BROOKLYN","NY","11212",5,4,7,1.5722859,0
95072584,2015,"137 E 55TH ST","BROOKLYN","NY","11203",4,3,4,.37342632,1
95181971,2015,"2400 OCEAN AVE","BROOKLYN","NY","11229",3,5,7,1.9235072,1
95210467,2024,"604 E 79TH ST","BROOKLYN","NY","11236",3,3,6,1.3834244,0
95259419,2019,"90 8TH AVE","BROOKLYN","NY","11215",3,5,3,1.893641,1
95313945,2020,"167 SANDS ST","BROOKLYN","NY","11201",1,2,7,1.1594278,0
95562407,2023,"1282-1290 Buffalo Rd","Rochester","NY","14624",1,5,7,1.5697737,0
95694524,2021,"9 Kingsfield Dr","Pittsford","NY","14534",4,2,3,1.1681069,0
95705879,2020,"1196 Severn Ridge Rd","Webster","NY","14580",2,3,7,.8079527,1
95712374,2019,"1196 Scandia Dr","Webster","NY","14580",3,4,7,.49312806,0
95760655,2024,"33 Essex Rd","Great Neck","NY","11023",4,5,7,1.2935656,1
96146038,2015,"24 Park Ave","Long Beach","NY","11561",4,3,6,1.5590918,1
96161835,2023,"3600 Nimrod St","Seaford","NY","11783",3,4,7,.65060782,1
96185637,2017,"88 GREENWICH ST","NEW YORK","NY","10006",3,3,6,.57518321,1
96254672,2016,"155 W 68TH ST","NEW YORK","NY","10023",2,1,6,1.4323663,1
96325622,2023,"513 W 173RD ST","NEW YORK","NY","10032",2,4,5,.3609027,1
96359561,2025,"42 8TH AVE","NEW YORK","NY","10014",3,3,6,.85955292,0
96410027,2018,"261 CENTRAL PARK W","NEW YORK","NY","10024",2,2,3,2.7080512,0
96493382,2016,"390 RIVERSIDE DR","NEW YORK","NY","10025",4,2,7,2.179846,1
96679011,2024,"235 S 3rd St","Lewiston","NY","14092",2,3,4,1.7646086,1
96693770,2018,"2522 Merritt Ave","Newfane","NY","14108",4,3,2,1.1807429,1
96749520,2019,"722 Lansing St","Utica","NY","13501",3,3,7,.58060753,0
96769142,2023,"SALISBURY RD","","NY","",3,4,5,.51423264,0
96811445,2017,"121 Wakefield Ln","Ava","NY","13303",3,2,6,.25702971,0
96817939,2017,"2211 McBride Ave","Utica","NY","13502",3,3,7,.85028952,1
96826055,2019,"1513 Roser Ter","Rome","NY","13440",3,5,4,.46451119,1
96858221,2019,"325-27 LAFAYETTE AVE W","SYRACUSE","NY","13205",2,2,6,1.9643408,0
96994317,2022,"9 Onondaga St","Skaneateles","NY","13152",3,3,5,.43646738,1
97022974,2017,"GOODMAN ST AT PRE EMPTION ST","GENEVA","NY","14456",4,4,7,.8920933,0
97059394,2023,"454 High St","Victor","NY","14564",3,3,4,1.0106267,0
97101050,2021,"15 Dimiceli St","New Windsor","NY","12553",2,2,6,.76682597,1
97166619,2020,"22 Hillside Ave","Tuxedo Park","NY","10987",3,2,5,.024185942,1
97194283,2016,"2011 Route 284","Slate Hill","NY","10973",4,3,3,2.6840162,1
97251063,2025,"56 Ball Rd","Hastings","NY","13076",3,3,7,1.311162,1
97252720,2017,"2037 County Route 12","Central Square","NY","13036",2,2,5,2.0505736,1
97394749,2021,"2014 36TH ST","LONG ISLAND CITY","NY","11105",3,3,4,.92247909,0
97440325,2016,"5305 62ND ST","FLUSHING","NY","11378",4,5,6,.47335324,0
97568920,2014,"8827 240TH ST","JAMAICA","NY","11426",1,3,3,1.852728,1
97634786,2021,"9201 218TH PL","JAMAICA","NY","11428",4,4,6,.32162616,0
97728666,2023,"6805 MAURICE AVE","FLUSHING","NY","11377",5,2,6,1.0145898,0
97735026,2019,"1216 116TH ST","FLUSHING","NY","11356",3,5,6,2.2074564,0
97751079,2025,"8802 35TH AVE","FLUSHING","NY","11372",4,4,5,1.2982937,1
97777173,2020,"12430 QUEENS BLVD","JAMAICA","NY","11415",3,5,7,.5687021,0
97936459,2019,"61-20 GRAND CENTRAL PKWY","FOREST HILLS","NY","11375",3,1,4,.31023741,1
98010833,2014,"33 ELIZABETH AVE","STATEN ISLAND","NY","10310",4,4,7,.76845127,1
98012753,2023,"191 CLOVE RD","STATEN ISLAND","NY","10310",4,1,5,.98857802,1
98017628,2019,"21 GOVERNOR RD","STATEN ISLAND","NY","10314",1,4,5,1.071527,1
98112593,2014,"63 ERIKA LOOP","STATEN ISLAND","NY","10312",1,3,7,.42540559,0
98116481,2022,"229 ROSEDALE AVE","STATEN ISLAND","NY","10312",5,3,6,1.0560174,0
98139089,2022,"154 BARD AVE","STATEN ISLAND","NY","10310",4,1,4,.24275297,1
98166622,2022,"189 Main St","Nanuet","NY","10954",2,3,6,.57463801,0
98185706,2021,"185 Hobart St","Pearl River","NY","10965",4,4,5,2.5899949,0
98258371,2015,"PERU ST","","NY","12967",3,2,3,1.327475,1
98295455,2015,"173 Miles Rd","Hermon","NY","13652",4,3,3,.49754044,0
98299177,2024,"78 W Main St","Norfolk","NY","13667",3,2,7,.26636228,0
98307352,2025,"127 George St","Saratoga Springs","NY","12866",3,2,6,1.4104128,0
98314995,2020,"23 Sweet Rd","Ballston Lake","NY","12019",2,3,5,1.6592555,0
98323088,2020,"68 Longview Dr","Clifton Park","NY","12065",4,2,7,1.645458,1
98392567,2014,"23 Pamela Ln","Saratoga Springs","NY","12866",4,3,6,.85545397,0
98401621,2019,"","","NY","",3,3,5,2.2123787,0
98418183,2022,"831 Lakewood Ave","Schenectady","NY","12309",1,3,6,1.7482563,1
98428405,2019,"50 Cypress Dr","Schenectady","NY","12302",3,4,6,.94666576,0
98485738,2020,"ARTHUR GATES PL","","NY","14824",4,3,7,1.4134434,1
98671192,2021,"7 Drake St","Mount Sinai","NY","11766",2,3,7,1.8134512,0
98718349,2019,"TENTH AVE","MANORVILLE","NY","11949",3,1,4,1.3423219,0
98750451,2018,"8 Pond Rd","Holbrook","NY","11741",4,4,5,.97036713,0
98753890,2018,"17 Woodcrest Dr","East Moriches","NY","11940",4,4,5,.5426088,0
98948034,2019,"313 Medea Way","Central Islip","NY","11722",3,4,4,.87110192,1
99044878,2016,"63 Astor Ct","Commack","NY","11725",3,2,7,.60201466,0
99057034,2023,"24 Clover Dr","Smithtown","NY","11787",2,3,3,1.3511616,0
99152021,2015,"LOMBARDY BLVD","","NY","11706",3,3,7,.72460985,0
99231200,2024,"STRAITS CORNERS RD","","NY","13743",3,2,6,.46172085,1
99490814,2022,"4160 New Rd","Williamson","NY","14589",3,4,4,.62232035,1
99529685,2016,"619 Smith St","Peekskill","NY","10566",4,3,5,.74883378,0
99591008,2024,"12 Harris Rd","Katonah","NY","10536",3,4,4,1.9133353,1
99644124,2017,"282 Park Ave","Harrison","NY","10528",5,2,3,1.4680125,1
99700994,2024,"19 Eastwoods Rd","Pound Ridge","NY","10576",2,2,7,2.3373959,1
99784422,2016,"3890 Hobday Rd","Bliss","NY","14024",4,2,4,.26294658,0
99788068,2022,"773 E Lake Rd","Penn Yan","NY","14527",3,4,7,2.3256161,1
100088265,2023,"465 Avenue Ave","White Oak","NC","28399",2,3,6,1.2523077,0
100188152,2025,"3887 Point Rd SE","Bolivia","NC","28422",2,2,3,.67279953,1
100359437,2015,"61 Phoenix Cove Rd","Weaverville","NC","28787",2,2,6,2.0514748,0
100368192,2022,"78 Tudor Way","Black Mountain","NC","28711",2,4,7,1.2631519,1
100463996,2015,"532 Faith Dr SW","Concord","NC","28027",1,4,5,1.0006486,0
100575718,2019,"6371 Laytown Rd","Lenoir","NC","28645",2,4,6,.5627383,1
100590528,2024,"","","NC","",3,3,5,.060691345,1
100680956,2022,"429 Forest Dr","Maiden","NC","28650",3,4,5,.46746624,1
100696147,2017,"361 17th Ave NE","Hickory","NC","28601",3,2,7,.60674745,0
100748327,2024,"3956 Grace Church Rd","Newton","NC","28658",4,3,7,2.3273704,0
100832509,2024,"117 Choctaw Trl","Edenton","NC","27932",2,4,6,1.4425626,1
101009078,2023,"1620 Concord St","New Bern","NC","28562",3,3,4,1.2187665,1
101076261,2024,"1325 General Lee Ave","Fayetteville","NC","28305",3,3,6,1.5111927,0
101214120,2025,"324 Wax Myrtle Trl","Southern Shores","NC","27949",3,4,4,1.1961553,0
101334979,2024,"","","NC","",3,4,6,1.6792521,1
101426126,2015,"4205 Sugar Pine Ln","Durham","NC","27705",3,5,7,.62009025,1
101488448,2016,"2804 Reynolda Cir","Durham","NC","27712",5,3,5,.5903163,1
101490446,2014,"403 Rondelay Dr","Durham","NC","27703",2,4,6,.29162064,1
101510073,2023,"1103 Tigerlily Way","Durham","NC","27703",2,3,4,1.381142,1
101783278,2022,"606 Edna Graves Way","Cherryville","NC","28021",2,3,7,.30116847,0
101925559,2019,"ELM ST","","NC","",4,3,6,.82754576,1
101963645,2024,"1911 Mayfair Ave","Greensboro","NC","27405",1,3,6,.78350216,1
102106286,2017,"2206 E Martin Luther King Jr Dr","High Point","NC","27260",2,2,5,1.3095597,1
102185490,2022,"20809 HWY 561","","NC","",2,2,5,1.4061269,1
102307370,2021,"243 Riverwind Dr","Hendersonville","NC","28739",2,5,5,2.3307192,1
102355767,2015,"793 Huckleberry Mountain Rd","Hendersonville","NC","28792",2,3,7,.89597821,1
102465145,2021,"2861 Hickory Hwy","Statesville","NC","28677",3,4,4,.87242228,1
102542541,2022,"OLD COVE RD","","NC","",3,2,7,1.1820577,1
102643026,2021,"BENNETT PL","","NC","",3,3,7,.15584323,1
102811234,2014,"221 South St","Greensboro","NC","27406",5,2,6,1.2185726,1
102940970,2014,"12439 Kane Alexander Dr","Huntersville","NC","28078",3,3,4,2.0682256,1
103046734,2018,"127 N Tryon St","Charlotte","NC","28202",2,3,4,1.8377261,1
103331344,2020,"","","NC","",4,3,7,2.2558978,0
103360758,2014,"US 220 ALT N","","NC","",2,4,4,1.2323225,1
103385993,2020,"810 Monticello Dr","Pinehurst","NC","28374",3,3,7,1.2789454,0
103393295,2014,"529 W Chapin Rd","Aberdeen","NC","28315",3,4,7,.68703753,1
103449131,2019,"5967 Paradise Ln","Nashville","NC","27856",5,4,6,.94983709,1
103534611,2022,"927 Page Ave","Wilmington","NC","28403",3,3,6,2.2913523,0
103584760,2017,"1513 Snapper Ln","Carolina Beach","NC","28428",3,2,5,.034139212,1
103812700,2025,"116 Brantham Rd","Burgaw","NC","28425",4,3,7,.26878014,1
103816648,2024,"","","NC","",3,3,5,1.7998668,0
103848374,2022,"419B N New River Dr","Surf City","NC","28445",1,5,7,1.5647373,1
104052297,2024,"W A CRAVEN RD","SEAGROVE","NC","27341",3,3,7,.38503003,0
104069291,2021,"1039 Old Cheraw Hwy","Rockingham","NC","28379",3,1,6,1.5705919,1
104107065,2018,"COLLINS DR","","NC","",1,3,5,1.5312669,1
104271496,2021,"1414 Devonmere Pl","Salisbury","NC","28144",2,2,6,2.1734102,0
104429001,2016,"439 Jb Wilson Rd","Newton Grove","NC","28366",5,4,6,1.0721432,0
104576433,2019,"3796 Quaker Church Rd","Pinnacle","NC","27043",4,3,6,2.2460761,0
104631817,2020,"","","NC","",3,2,4,1.533384,0
104644509,2015,"2512 Tara Dr","Monroe","NC","28112",2,3,4,.84795451,0
104746134,2019,"261 Mountain Ln","Henderson","NC","27537",3,5,5,.52340472,1
104850069,2023,"104 Cumulus Ct","Cary","NC","27513",2,5,7,2.3069882,1
104855011,2015,"8781 Holly Springs Rd","Apex","NC","27539",3,3,5,.58434659,1
104856716,2024,"7901 Tulip Cir","Raleigh","NC","27606",3,4,6,.52761263,1
104924709,2022,"7336 Mill Ridge Rd","Raleigh","NC","27613",3,3,4,.40913716,1
104993284,2016,"1220 Manassas Ct","Raleigh","NC","27609",3,3,7,2.4396691,1
105392705,2015,"1206 Queen Anne Rd NW","Wilson","NC","27896",4,3,4,1.4470794,0
105409045,2021,"203 W Wilson St","Elm City","NC","27822",4,4,4,.40470761,1
105454344,2017,"225 White Oak Cir","Burnsville","NC","28714",2,4,2,.69101632,0
105555055,2021,"","","ND","",3,1,7,.37155899,0
105599725,2017,"","Mandan","ND","58554",1,3,6,1.0967388,1
105637066,2016,"","Wahpeton","ND","58075",3,4,6,.91969895,1
105637255,2017,"","Wahpeton","ND","58075",3,2,3,1.6875628,0
105674119,2017,"","","ND","",2,3,5,.076566339,1
105849728,2020,"2103 S 22nd St","Grand Forks","ND","58201",4,4,4,1.2762202,1
105997736,2020,"105 3rd St SW","Rugby","ND","58368",2,3,7,1.2451677,1
106034662,2022,"","","ND","",4,3,7,1.3942696,0
106065336,2015,"","","ND","",4,4,2,1.1876787,1
106104781,2015,"","Hebron","ND","58638",4,2,6,1.2827123,1
106141817,2022,"","","ND","",4,5,6,1.343325,1
106245702,2024,"1715 Arlington Dr","Lima","OH","45805",3,5,4,1.0910958,0
106257013,2016,"263 S Pine St","Lima","OH","45804",3,3,6,1.6083974,1
106513433,2017,"173 Pine Ln","Barnesville","OH","43713",5,3,6,.37850949,0
106666320,2018,"7524 Keehner Ridge Ct","West Chester","OH","45069",3,2,2,.84748745,1
106713181,2024,"4734 Manchester Rd","Middletown","OH","45042",5,3,5,.70384622,1
106768089,2025,"5034 Picador Rd","Carrollton","OH","44615",2,2,4,2.0367188,0
106788034,2017,"510 S Washington St","Saint Paris","OH","43072",3,2,7,1.5580256,1
106886664,2022,"MAIN ST","","OH","",2,2,7,1.9104931,1
107020609,2023,"LACROFT AVE","","OH","",3,4,6,1.7990999,1
107028420,2022,"410 Blakeley St","East Liverpool","OH","43920",1,3,6,1.4940555,1
107164943,2017,"4578 S Hills Dr","Cleveland","OH","44109",4,2,2,2.0077415,1
107292214,2022,"11809 Lenacrave Ave","Cleveland","OH","44105",4,3,5,2.035753,1
107311551,2022,"347 Canterbury Rd","Bay Village","OH","44140",4,2,6,1.1625339,0
107476741,2015,"5157 Pinckneya Dr","North Royalton","OH","44133",2,1,6,.17161638,1
107542972,2020,"1286 E 143rd St","East Cleveland","OH","44112",3,5,5,1.496335,1
107770468,2018,"6823 Dustin Rd","Galena","OH","43021",3,4,5,.10008048,0
108016910,2023,"1087 Urana Ave","Columbus","OH","43224",3,4,5,1.6331033,1
108041061,2015,"2396 Dawnlight Ave","Columbus","OH","43211",3,4,6,.49632189,0
108192385,2025,"628 Lance Ct","Westerville","OH","43081",3,4,2,1.7380607,1
108283039,2022,"3488 Countryview Dr","Canal Winchester","OH","43110",2,3,6,.50844598,1
108367198,2019,"1907 Caplinger Dr","Grove City","OH","43123",3,2,3,1.7884672,0
108408362,2016,"4220 County Road 2","Swanton","OH","43558",3,3,5,.7849772,0
108418815,2017,"MILL CREEK RD","","OH","",5,3,5,.59223688,0
108444257,2015,"408 Fairway Vw","Chagrin Falls","OH","44023",4,3,5,1.7821407,1
108491536,2015,"17159 Mumford Rd","Burton","OH","44021",5,4,7,1.6185234,0
108745234,2020,"7846 Ayerdayl Ln","Cincinnati","OH","45255",2,3,7,1.1774598,0
108812596,2024,"6735 Sandover Dr","Cincinnati","OH","45233",4,5,3,1.3766669,1
108872921,2016,"1653 Newbrook Dr","Cincinnati","OH","45231",3,5,6,1.0963329,0
109007127,2019,"814 W LIMA ST","FINDLAY","OH","45840",2,2,4,.84408963,1
109136171,2021,"N MAD ANTHONY ST LOT 95","","OH","",2,3,5,1.1080445,1
109357260,2016,"986 Davie Ct","Madison","OH","44057",3,5,4,1.7962012,1
109441439,2016,"REAR","","OH","",2,3,7,1.320056,1
109553451,2016,"373 Sunset Dr","Johnstown","OH","43031",2,1,6,.35298064,0
109730615,2024,"1166 Taylor St","Elyria","OH","44035",2,4,6,1.6434917,0
109790340,2014,"42281 State Route 18","Wellington","OH","44090",2,3,3,.27072346,1
109919167,2025,"1454 Primrose Ave","Toledo","OH","43612",3,3,5,1.5512942,1
109988862,2016,"4035 N King Rd","Sylvania","OH","43560",4,5,4,1.3497641,1
110034180,2024,"12 Shores Dr","Poland","OH","44514",5,3,3,1.5749534,1
110055113,2014,"8035 Camden Way","Canfield","OH","44406",3,3,7,.76428509,1
110138558,2025,"LANSDOWNE BLVD","","OH","",2,4,4,.752226,1
110211207,2021,"259 Malo Dr","Marion","OH","43302",3,2,6,1.0019737,1
110249720,2016,"3304 Twain Cir","Brunswick","OH","44212",1,4,6,1.3059587,1
110286741,2015,"4330 Perian Ct","Medina","OH","44256",3,2,6,.74395329,0
110291493,2024,"1096 Medina Rd","Medina","OH","44256",4,5,7,.56391466,1
110336436,2022,"740 High St","Middleport","OH","45760",4,3,7,1.0362815,1
110463798,2017,"8584 National Rd","Brookville","OH","45309",5,2,6,2.4863806,1
110512006,2017,"PENN AVE","RIVERSIDE","OH","45431",2,3,6,1.1325678,0
110617738,2018,"5288 Powell Rd","Dayton","OH","45424",4,4,6,.040811919,1
110621156,2014,"7118 Mauford Dr","Dayton","OH","45424",4,1,6,1.3299552,0
110712704,2019,"TIMBERMAN RD","","OH","",3,4,4,1.442866,1
111005182,2020,"N SIDE OF COAL DOCK RD C-75 REAR","","OH","",3,2,2,.93965352,1
111128526,2017,"9860 State Route 65","Ottawa","OH","45875",3,2,6,.27345762,1
111214974,2017,"3555 Possum Run Rd","Mansfield","OH","44903",3,3,5,1.5206108,1
111282304,2022,"21 Brookview Dr","Fremont","OH","43420",1,2,1,1.366119,1
111376996,2015,"947 N Susan Dr","Fostoria","OH","44830",3,4,7,2.2444904,1
111432804,2014,"150 W Summit St","Alliance","OH","44601",3,5,7,1.7516342,0
111494321,2017,"2400 Eastwood Ave NE","Massillon","OH","44646",2,4,4,.45493659,1
111513521,2020,"7601 Sandpiper Ave NW","North Canton","OH","44720",2,4,5,.95286113,1
112176403,2024,"71180 Two Mile Rd","New Plymouth","OH","45654",4,3,5,.096574605,0
112187675,2024,"40337 Mound Hill Rd","Albany","OH","45710",2,4,5,1.1964889,0
112323012,2015,"107 Bel Aire Dr","Marietta","OH","45750",4,3,7,1.1608596,1
112342427,2025,"136 Rainbow View Dr","Marietta","OH","45750",2,3,7,2.0831089,0
112462779,2018,"E WOOSTER ST","","OH","",1,2,5,.67418575,0
112729892,2024,"104 Denise","Paoli","OK","73074",1,3,5,1.1021502,0
112746731,2025,"","","OK","",2,5,5,.40242469,1
112780036,2014,"","","OK","",3,4,7,.97313774,0
112865505,2018,"705 N Ash St","Waurika","OK","73573",1,4,5,1.7208103,1
113029829,2025,"37505 Hazel Dell Rd","Shawnee","OK","74804",5,5,6,1.2899033,1
113038517,2019,"121 Rodeo Dr","Fort Gibson","OK","74434",3,3,5,.54599154,0
113059806,2021,"4020 Dornoch Ln","Norman","OK","73072",3,1,6,.25472552,0
113167000,2022,"2939 City View Ct","Norman","OK","73071",4,2,6,1.600184,0
113354348,2018,"8848 E 39th St S","Tulsa","OK","74145",3,4,6,2.5216858,1
113371821,2017,"20242 S River Ranch Rd E","Claremore","OK","74019",4,4,3,.65114975,0
113382581,2014,"4083 E 25 PL S","TULSA","OK","74119",2,4,3,.068879038,1
113494620,2017,"434 Paw Paw Rd","Roland","OK","74954",2,4,6,1.5502226,1
113647380,2018,"4138 E 47th St S","Tulsa","OK","74135",4,5,7,1.3741357,0
113707652,2025,"708 E Harrison Ave","Guthrie","OK","73044",3,3,6,.27737758,1
113778670,2022,"513 Broadway","Guthrie","OK","73044",1,3,6,.57083845,1
113840075,2017,"","","OK","",2,1,6,1.7776601,1
113849915,2018,"502 N Flanagan Ave","Stroud","OK","74079",5,3,3,1.8098114,1
113858484,2015,"MYSTIC OAK DR","","OK","",3,2,2,1.3474842,1
113948920,2024,"13808 E 89th St N","Owasso","OK","74055",2,3,4,.82965362,1
114005202,2023,"10009 S MAPLEWOOD PL E","TULSA","OK","74137",3,3,6,.58479005,0
114026435,2024,"19195 Cedar Rd","Henryetta","OK","74437",3,2,6,1.0909821,0
114196685,2014,"","","OK","",3,4,5,2.0566106,1
114215296,2015,"5301 Steeple Run Dr","Mustang","OK","73064",3,4,3,.17791662,0
114474141,2015,"5905 Cedar Ridge Dr","Enid","OK","73703",3,2,4,2.3204899,1
114502201,2014,"2437 Robin Rdg","Enid","OK","73703",3,5,6,1.9271942,1
114628315,2019,"1108 N Woodward Ave","Oklahoma City","OK","73107",2,3,4,.84371805,1
114965485,2019,"1212 SE 8th St","Prineville","OR","97754",3,3,2,1.5202469,1
115006785,2022,"","ALBANY","OR","97321",2,2,7,.33396649,0
115041890,2025,"369 S Oregon St","Ontario","OR","97914",4,4,4,1.7524418,0
115260833,2024,"903 SE Morton Ct","Bend","OR","97702",4,3,4,1.1327484,0
115358640,2017,"","","OR","",2,3,4,.59126133,1
115378696,2018,"241 NW Morgan Ave","Winston","OR","97496",4,3,4,2.4412117,0
115461323,2021,"","","OR","",5,4,5,.11424655,1
115467368,2022,"125 W Main St","Jacksonville","OR","97530",4,3,5,.90632957,0
115477070,2018,"62091 Lakeview Ln","La Grande","OR","97850",2,4,4,.25450647,0
115590305,2020,"480 Salty Way","Eugene","OR","97404",3,5,6,2.0646801,1
115633172,2017,"760 Reiten Dr","Ashland","OR","97520",2,4,5,.57152385,1
115739424,2020,"507 Rosichelli Ln","Brookings","OR","97415",2,2,6,.67077154,1
115779532,2016,"GRANGE RD","ROSEBURG","OR","97471",3,4,6,.76965702,1
115915797,2017,"957 SE Washington St","Hillsboro","OR","97123",5,1,7,.95237625,0
115957000,2014,"470 Highway 101","Florence","OR","97439",1,1,5,1.6023366,0
115990149,2018,"5468 SE Lake Rd","Milwaukie","OR","97222",2,2,6,.80058134,0
116000089,2021,"11618 Portland Rd NE","Gervais","OR","97026",3,3,6,.50898033,1
116116765,2018,"5885 SW Glenbrook Rd","Beaverton","OR","97007",4,4,6,1.2698874,1
116136870,2016,"16885 SW Hargis Rd","Beaverton","OR","97007",3,4,6,.43686032,0
116152310,2024,"13825 SW Hart Rd","Beaverton","OR","97008",5,2,6,.43472728,1
116215343,2017,"8989 SW 184th Dr","Beaverton","OR","97007",3,3,4,1.6698937,0
116258846,2015,"128 NW 9th St","McMinnville","OR","97128",4,2,7,.62125111,1
116259590,2019,"11044 SW Greenburg Rd","Tigard","OR","97223",2,2,7,.96531582,1
116507062,2014,"3334 Chelsea St","Klamath Falls","OR","97601",2,2,4,1.2907723,1
116633328,2016,"","","OR","",4,3,6,.97796375,1
116711550,2018,"500 Abernethy Rd","Oregon City","OR","97045",1,3,7,.10735875,0
116737087,2020,"311 NW 12th Ave","Portland","OR","97209",4,3,5,1.7798082,0
116744037,2017,"6TH & NW GLISAN ST","PORTLAND","OR","97209",4,2,7,.61498547,0
116812266,2016,"1863 SE Elliott Ave","Portland","OR","97214",5,2,2,2.011637,0
116910549,2023,"1727 NE 27th Ter","Gresham","OR","97030",3,3,6,.9790374,1
117141413,2022,"2645 Warrendale Bayne Rd","Baden","PA","15005",2,2,5,.79412985,0
117253144,2023,"1940 Homestead Duquesne Rd","West Mifflin","PA","15122",3,4,7,.71791714,1
117501585,2024,"MCKEE RD","NORTH VERSAILLES","PA","15137",2,4,4,1.08829,0
117709219,2020,"115 Lynn Haven Dr","Beaver","PA","15009",3,3,6,1.6699764,1
117734897,2015,"1100 Ridge Rd","Ambridge","PA","15003",3,3,7,1.4078045,1
117760620,2017,"539 Duss Ave","Rochester","PA","15074",4,2,5,.66795856,0
117906591,2023,"187 Seyfert Dr","Birdsboro","PA","19508",5,4,6,.66919762,1
117990705,2016,"124 Cambridge Dr","Duncansville","PA","16635",5,3,6,1.494213,1
118244442,2025,"203 Prairie Ct","Quakertown","PA","18951",3,1,5,1.1249526,1
118285377,2022,"2388 Tabatha Dr","Warrington","PA","18976",2,5,5,1.5791553,0
118362109,2021,"238 Watson Rd","Harrisville","PA","16038",4,3,3,.48710594,0
118381657,2016,"191 Main St","Callery","PA","16024",4,3,7,1.5607796,1
118384519,2024,"151 Petrolia St","Karns City","PA","16041",5,3,7,1.3410574,1
118393673,2016,"415A SHORE ST","","PA","",4,3,3,.83394426,1
118395572,2025,"534 Virginia Ave","Butler","PA","16001",2,3,5,.30279192,1
118406374,2014,"HARMONY RD","","PA","",3,4,5,.91876185,0
118427919,2025,"77 Leonard St","Johnstown","PA","15902",4,3,6,.84257585,1
118483471,2021,"914 East Ave","Johnstown","PA","15905",2,4,3,1.5769354,0
118727583,2020,"39 Stonehurst Ct","Chesterbrook","PA","19087",4,1,4,2.1248839,0
118800188,2017,"562 Coventry La","West Chester","PA","19382",2,3,6,.18887742,0
118958764,2021,"1107 Numidia Dr","Catawissa","PA","17820",3,2,4,.69326997,1
119066501,2024,"722 State St","Lemoyne","PA","17043",4,2,6,.80079055,0
119156470,2019,"1444 E Caracas Ave","Hershey","PA","17033",2,4,6,2.5704432,1
119207578,2020,"564 Race St","Millersburg","PA","17061",3,2,5,.47574461,0
119231248,2014,"GIBSON ST L2","","PA","",4,3,6,.78894985,1
119232089,2025,"PENN ST","","PA","",1,3,5,.76175857,1
119310589,2021,"2226 Dermond Ave","Upper Darby","PA","19082",5,3,6,.85793674,0
119342432,2018,"1432 Delmont Ave","Havertown","PA","19083",2,3,7,.58568066,0
119614205,2018,"1017 Blair St","Connellsville","PA","15425",2,1,6,2.5056059,1
119693329,2023,"357 Pinto Ln","Marienville","PA","16239",3,3,5,2.2442255,1
119743613,2017,"13862 Karper Rd","Mercersburg","PA","17236",3,4,7,1.5373374,1
119778120,2023,"2711 Buck Rd","Harrisonville","PA","17228",3,1,5,1.0964202,0
119780314,2015,"257 Basil Ln","Big Cove Tannery","PA","17212",4,3,3,1.0038218,1
119784200,2015,"E/S OLD TOWN RD","","PA","",2,2,7,.8728416,0
119809717,2022,"ON T 355","","PA","",2,3,5,1.7969291,1
119894816,2022,"RTE 85 HWY","","PA","",3,3,6,.28390101,1
119912108,2018,"","","PA","",2,2,4,1.0009679,1
119957452,2014,"67 Prospect St","Carbondale","PA","18407",3,4,5,.20457572,0
120015027,2015,"219 Flynn St","Dunmore","PA","18512",2,3,6,1.7784742,0
120092436,2025,"550 Millway Rd","Ephrata","PA","17522",3,5,5,2.7112868,1
120100643,2023,"70 Beech Ln","Elizabethtown","PA","17022",4,4,2,1.2347729,1
120125942,2023,"1821 Windsong Ln","Lancaster","PA","17602",2,1,4,.5904699,1
120141087,2023,"536 E Frederick St","Lancaster","PA","17602",4,1,4,1.8258855,1
120452683,2023,"747 S Woodward St","Allentown","PA","18103",2,2,2,.95412129,0
120481698,2016,"6300 Candle Pl","Coopersburg","PA","18036",2,3,6,2.1911685,0
120515945,2018,"219 Swetland St","Duryea","PA","18642",4,3,4,.91503727,0
120735975,2020,"90 Apple Rd","Smethport","PA","16749",3,4,5,.6376915,1
120887864,2025,"2118 Pheasant Ln","Gilbert","PA","18331",3,2,7,.8899048,1
120948373,2015,"918 Arch St","Norristown","PA","19401",4,1,5,.68486071,0
121030622,2025,"1428 Walnut St","Lansdale","PA","19446",4,2,3,.44818813,0
121070264,2019,"1510 Remington Rd","Wynnewood","PA","19096",4,1,6,1.7751701,1
121183147,2018,"2150 Willow Brook Dr","Huntingdon Valley","PA","19006",4,2,6,1.6502557,1
121189854,2017,"140 Larchwood Ct","Collegeville","PA","19426",2,2,7,1.1228057,0
121217143,2017,"981 Valley Rd","Blue Bell","PA","19422",5,2,4,.079021163,0
121311684,2019,"6260 Tioga Dr","Bethlehem","PA","18017",3,4,1,.75204527,1
121364422,2014,"450 West Ave","Mount Carmel","PA","17851",2,4,5,1.0310321,1
121635941,2015,"2017 N 30th St","Philadelphia","PA","19121",2,2,7,.28263399,0
121655812,2015,"7309 Ruskin Rd","Philadelphia","PA","19151",2,3,7,1.2614658,0
121751243,2014,"3945 N 9th St","Philadelphia","PA","19140",3,2,3,1.8680335,0
121764679,2014,"3372 Frankford Ave","Philadelphia","PA","19134",2,4,5,1.0776099,1
121938138,2024,"5000L S Broad St","Philadelphia","PA","19112",3,1,5,.43018332,1
122022804,2021,"","","PA","",5,3,5,.34826174,1
122450366,2023,"607 S Central Ave","Canonsburg","PA","15317",3,3,7,1.8708744,1
122529418,2019,"287 Plum Run Rd","Burgettstown","PA","15021",3,3,2,2.1471462,1
122541053,2019,"5129 Spring St","Finleyville","PA","15332",1,3,6,1.3907571,1
122607273,2019,"","","PA","",2,2,5,1.1797041,1
122756337,2019,"3RD ST","","PA","",2,4,7,.92493409,1
122782264,2025,"136 Sonnie Dr","Crabtree","PA","15624",2,5,7,1.1242452,0
122790580,2023,"123 Greenwalt St","New Alexandria","PA","15670",4,4,4,1.0202357,1
122919106,2019,"3252 Tunnel Hill Rd","Seven Valleys","PA","17360",2,2,7,.62543732,1
122981981,2016,"317 Chestnut Hill Rd","York","PA","17402",2,1,7,2.4981437,0
123050678,2016,"BUTTERWORTH AVE","BRISTOL","RI","02809",3,1,7,1.0615252,1
123151742,2023,"187 Greenwood St","Cranston","RI","02910",2,3,6,.65495896,1
123199900,2017,"127 Phillips Ave","Warwick","RI","02888",2,4,4,.74945587,0
123218691,2024,"3444 Diamond Hill Rd","Cumberland","RI","02864",3,3,4,.83484572,1
123226315,2024,"20 Grand Ave","Cumberland","RI","02864",4,3,6,1.2514148,0
123233862,2014,"RIVER VUE AVE","WARWICK","RI","02886",2,3,5,.76202029,1
123239709,2023,"46 Sutton Ave","East Providence","RI","02914",3,3,6,1.8708839,1
123248467,2024,"MCKINLEY ST","WARWICK","RI","02886",2,3,6,1.347818,1
123255845,2021,"SEA LEA AVE","SOUTH KINGSTOWN","RI","02879",3,3,6,2.4919882,1
123267558,2025,"90 Oak Tree Ave","Warwick","RI","02886",4,2,3,1.6905931,1
123303992,2015,"106 Grand View Ave","Johnston","RI","02919",5,2,4,.44894451,0
123351435,2017,"156 Harris St","Pawtucket","RI","02861",3,4,5,.60427386,1
123421151,2025,"97 Swan Rd","Smithfield","RI","02917",3,3,6,1.4686157,1
123423169,2022,"83 Kennedy St","Woonsocket","RI","02895",2,4,7,1.7502875,1
123434751,2014,"66 Bella Vista Cir","Glocester","RI","02859",3,2,7,.24614798,0
123515945,2022,"380 WASHINGTON ST","","SC","",3,1,5,1.6257734,1
123611086,2017,"3025 Townsend St","Beech Island","SC","29842",4,2,5,1.3429139,1
123648409,2024,"ST HWY 341","","SC","",3,2,6,.49106592,0
123807047,2023,"143 E Broadway St","Johnsonville","SC","29555",1,4,6,1.8095434,0
124046659,2021,"225 Pemberly Blvd","Summerville","SC","29486",5,1,7,1.2056632,1
124277050,2020,"359 Water Oak Dr","Goose Creek","SC","29445",3,3,3,1.8111382,0
124346132,2019,"309 Palmer Dr","Lexington","SC","29072",1,2,4,1.3493427,1
124417852,2022,"930 Valley St","Hanahan","SC","29410",4,3,5,.61019337,1
124519204,2022,"113 Lake Shire Dr","Lexington","SC","29073",4,4,5,.99167287,1
124686967,2014,"211 Corvus St","Summerville","SC","29483",3,3,6,1.3106775,1
124846942,2021,"110 Selsea Dr","Easley","SC","29642",1,2,7,1.14513,1
124867433,2020,"","","SC","",2,3,7,.26278532,1
124913449,2022,"255 Crest Rd","Gray Court","SC","29645",1,3,7,.81345898,1
124924524,2023,"TAP HARLEY RD","Swansea","SC","29160",3,2,6,1.3012534,1
124981197,2023,"409 HOUND HOLLOW RD","CAMDEN","SC","29020",3,4,7,1.4170461,1
125013684,2022,"64 Louise Dr","Mountville","SC","29370",3,3,5,.66006523,1
125251031,2018,"4440 Nassau Ct","Little River","SC","29566",2,3,4,.36786723,1
125269431,2015,"210 Youngblood St","Jonesville","SC","29353",3,4,6,.94475293,0
125313069,2019,"463 Sandpiper Dr","Boiling Springs","SC","29316",2,3,3,1.4883966,1
125313809,2018,"","","SC","",4,2,7,2.3648436,1
125603346,2023,"254 Berry St","Rock Hill","SC","29732",1,3,6,.83806729,0
125605484,2015,"139 Euclid Rd","Una","SC","29378",3,3,6,.65616286,1
125648179,2021,"320 N Sun Flower Way","Moore","SC","29369",2,2,3,1.3400334,1
125696609,2024,"1422 Meadow Glen Ln","Rock Hill","SC","29730",3,1,7,1.4861059,1
125732552,2017,"137 Weeping Willow Cir","Blythewood","SC","29016",2,4,4,.28367925,0
125785889,2015,"229 Greengate Ln","Spartanburg","SC","29307",5,2,7,1.4090017,1
125916428,2015,"6812 Sunset Cir S","Beaufort","SC","29906",3,4,3,.37609529,1
125952203,2022,"440 Red River Ct","Myrtle Beach","SC","29579",3,3,6,1.3363025,0
125999611,2025,"201 Cedar St","Myrtle Beach","SC","29577",3,2,3,.38738751,1
126087683,2025,"","MURRELLS INLET","SC","29576",4,3,5,.33432052,1
126128527,2022,"461 Hampton Lake Dr","Bluffton","SC","29910",3,4,3,2.2732334,0
126332587,2014,"6 Chickadee Dr","Pelzer","SC","29669",3,2,6,1.032609,0
126377029,2017,"7 May Ct","Taylors","SC","29687",3,3,5,2.0383527,1
126480462,2016,"46684 208th St","Brookings","SD","57006",4,5,6,2.2401688,0
126545093,2023,"1627 Buffalo Trl","Brookings","SD","57006",3,1,7,2.2327063,1
126557135,2023,"13761 382nd Ave","Aberdeen","SD","57401",5,1,2,1.393483,1
126565697,2018,"40864 256th St","Mitchell","SD","57301",3,4,7,1.4910913,0
126596380,2025,"308 S Cavanaugh Ave","Harrold","SD","57536",3,4,6,1.0773282,0
126672962,2025,"","Waubay","SD","57273",3,3,7,2.0326247,0
126722038,2014,"26185 235TH STREET","OKATON","SD","",3,3,6,1.1006941,0
127009060,2023,"","","SD","",2,3,6,.96561939,0
127023370,2021,"","","SD","",3,5,7,2.2295277,1
127046655,2015,"6708 E 42nd St","Sioux Falls","SD","57110",3,2,4,1.0857438,1
127067481,2022,"","","SD","",3,4,4,1.241962,0
127142350,2021,"127 US","Pikeville","TN","37367",2,3,3,.46642748,1
127143014,2022,"2500 Ephesus Church Rd","Hollow Rock","TN","38342",1,2,7,1.3766468,1
127152751,2025,"400 Frank Martin Rd","Shelbyville","TN","37160",3,2,7,1.5560195,0
127199227,2017,"SHELBY WAY","","TN","",5,3,7,.80145377,0
127202594,2016,"1045 Pine Ridge Ln","Clarkrange","TN","38553",4,3,7,.78341621,1
127231011,2021,"3237 Princeton Hill Cir NW","Cleveland","TN","37312",4,1,3,.68394655,1
127315713,2018,"4TH ST","","TN","",3,3,5,1.4962636,1
127386782,2020,"101 Tiger Trl","Dover","TN","37058",3,2,7,1.119405,1
127415571,2018,"1327 Walters St","Covington","TN","38019",5,3,5,1.7742186,1
127544836,2019,"96 Fairway Dr","Nashville","TN","37214",3,3,5,.71370941,0
127636319,2021,"415 Church St","Nashville","TN","37219",3,5,4,1.1611364,0
127659913,2024,"BOHANNON LANDING RD","","TN","",4,2,2,1.4549799,0
127724767,2019,"HWY 69 S","","TN","",3,2,5,2.381289,1
127794746,2014,"110 Lock 5 Rd","Lebanon","TN","37087",2,3,6,1.6939019,1
127836581,2024,"CHRISTMASVILLE RD","","TN","",2,4,6,.54978245,1
127967901,2014,"117 Southwood Dr","Dickson","TN","37055",2,4,7,1.0682163,0
128064653,2019,"22 Friary Ct","Mount Juliet","TN","37122",2,3,5,.96454334,1
128079119,2022,"153 Batchelor Rd","Mercer","TN","38392",3,2,6,2.1131833,1
128089372,2014,"NEWSOM RD","WHITEVILLE","TN","38075",4,3,6,.7584399,1
128226966,2016,"318 Hugh Jones Rd","Sunbright","TN","37872",3,3,7,1.637135,0
128256272,2014,"209 Lower Jackson Rd","Oliver Springs","TN","37840",2,3,4,.86493576,1
128375538,2020,"970 Cherry Blossom Ln","Clarksville","TN","37040",1,4,7,.66337442,1
128800192,2016,"1719 Albert Ave","Knoxville","TN","37917",3,3,4,1.8910347,1
128813814,2024,"1624 E Clanlo Dr","Memphis","TN","38104",3,4,7,1.8808404,1
128841418,2022,"277 ESSEX AVE","","TN","38106",2,2,6,.81487483,1
128870685,2014,"1210 Serenity Ln","Sevierville","TN","37876",2,5,6,2.3159418,1
128946296,2022,"3004 Carnes Ave","Memphis","TN","38111",1,3,5,2.4370174,1
128957661,2017,"112 Dean Archer Rd","Jonesborough","TN","37659",3,5,6,2.3120215,1
129351545,2021,"8118 Sam Cruze Rd","Knoxville","TN","37920",2,2,6,.4027279,1
129352174,2025,"8408 Rivertrail Cv","Cordova","TN","38018",5,3,6,.83423698,1
129556644,2024,"1005 Puddin Cv","Cordova","TN","38018",2,4,6,2.1338487,1
129614284,2019,"8993 Cairn Ridge Dr","Germantown","TN","38139",2,1,4,.043473717,1
129832775,2021,"1015 Puncheon Branch Rd","Minor Hill","TN","38473",3,4,6,.96089584,1
129886577,2021,"TENNESSEE RIVER","","TN","",1,2,7,.77710718,0
129909911,2020,"147 Hillcrest Dr","Brownsville","TN","38012",3,3,6,2.169754,1
129913170,2022,"BELLANTI CIR","","TN","",2,4,5,2.5749247,1
130167435,2017,"235 McDowell St","Bristol","TN","37620",4,2,4,1.3071686,1
130257045,2020,"2610 Berkley Dr","Chattanooga","TN","37415",2,4,7,.97212481,0
130360766,2020,"9684 Wiltshire Dr","Ooltewah","TN","37363",2,4,5,.69032019,1
130407262,2019,"JONESBORO RD","","TN","",3,4,3,1.3308166,1
130431838,2020,"725 Williamsburg Dr","Smyrna","TN","37167",4,2,7,.15542516,0
130688171,2018,"","","TX","",4,4,5,1.1883235,1
130812184,2019,"463 W Club Oak Ln","Rockport","TX","78382",1,3,5,.45663324,1
130889112,2021,"","","TX","",5,4,6,.83060253,1
130905762,2020,"","","TX","",3,3,6,.32560676,1
130968735,2014,"1337 Rio Ranchero","Pipe Creek","TX","78063",5,3,6,1.8629439,0
131499077,2023,"223 Vickers Ave","San Antonio","TX","78211",4,3,7,1.1388141,0
131516022,2022,"919 McCauley Blvd","San Antonio","TX","78221",3,2,4,1.4194903,1
131610022,2024,"354 La Gloria St","San Antonio","TX","78237",2,3,4,.64986932,1
131735616,2024,"12019 Stoney Pass","San Antonio","TX","78247",4,3,3,.48568538,0
131780326,2020,"2055 W Bitters Rd","San Antonio","TX","78248",4,4,6,1.7167668,0
131800045,2023,"6318 Shady Grn","San Antonio","TX","78250",4,1,7,.59997624,1
132054825,2016,"104 Krobot Cir","Texarkana","TX","75501",3,3,7,2.0732026,0
132087726,2016,"630 FM 2917 Rd","Alvin","TX","77511",2,3,2,1.5587945,1
132699688,2017,"19176 FM 604 S","Clyde","TX","79510",4,2,6,.96548182,1
132702343,2019,"6685 County Road 202","Clyde","TX","79510",4,3,6,.212201,1
132737007,2021,"1470 CORDONIZ DR","BROWNSVILLE","TX","",3,3,5,.27580374,0
132822792,2015,"GROVE PARK RD","","TX","",3,4,7,1.4337215,1
132828937,2022,"","","TX","",2,2,6,1.3984485,1
132842338,2024,"2423 Munich St","Brownsville","TX","78520",3,4,6,1.5363218,0
133051713,2025,"HWY 110","","TX","",3,3,6,.21301998,1
133465422,2025,"4300 Heavenly Ln","Prosper","TX","75078",3,3,4,1.9416317,1
133584137,2018,"606 W Main St","Eagle Lake","TX","77434",3,2,6,1.0282867,1
133707006,2014,"FM 381","","TX","",3,4,7,1.3801435,1
133849799,2017,"","","TX","",4,3,7,1.5767137,0
133902204,2019,"706 E 10th St","Dallas","TX","75203",3,2,5,1.0135357,0
134010309,2024,"11412 Forest Heights Dr","Dallas","TX","75229",4,4,3,.62055361,1
134014557,2025,"306 Centennial Blvd","Dallas","TX","75217",3,1,6,1.0610871,1
134046550,2021,"10830 Ruth Ann Dr","Dallas","TX","75228",3,3,4,1.8151306,1
134197426,2018,"533 E Bethel School Rd","Coppell","TX","75019",3,3,4,.041048363,1
134239743,2022,"2679 Wasina Dr","Farmers Branch","TX","75234",4,4,6,2.1434233,0
134310873,2015,"3918 Silver Meadow Ln","Grand Prairie","TX","75052",2,3,7,.42794517,0
134619062,2014,"33075 LEASED EQUIPMENT","","TX","",2,4,7,.072221152,0
134667715,2019,"2113 Copperleaf Dr","Garland","TX","75040",2,2,5,.39184538,1
134750170,2015,"216 6TH ST","","TX","",1,3,4,.18972872,1
134961915,2021,"202 Tharp Dr","Lewisville","TX","75077",3,4,6,.758605,0
135101943,2018,"","","TX","",4,3,3,1.8153141,0
135124185,2022,"","","TX","",5,3,7,1.2949144,1
135124913,2024,"","","TX","",3,3,6,.012863848,1
135207566,2022,"11125 Klondike Ln","Aubrey","TX","76227",3,1,7,1.1621578,1
135334806,2017,"11357 W Kassnar Dr","Odessa","TX","79764",2,3,5,1.2545893,1
135569805,2023,"455 Castile Ave","El Paso","TX","79912",3,2,6,1.1157287,1
135741059,2016,"9908 Singapore Ave","El Paso","TX","79925",4,2,7,1.1018895,1
135917203,2023,"14256 Narciso Dr","Horizon City","TX","79928",3,4,5,.43081811,1
136142520,2023,"11407 Ashford Pne","Sugar Land","TX","77478",3,4,6,1.0932256,1
136183509,2025,"1004 Country Club Dr","Richmond","TX","77469",2,4,5,1.2167261,0
136291750,2023,"3519 Crow Valley Dr","Missouri City","TX","77459",2,3,7,.47963637,0
136307418,2020,"4819 Pecan Creek Rd","Richmond","TX","77406",2,1,7,.1514719,0
136372859,2023,"32335 Waterford Crest Ln","Weston Lakes","TX","77441",3,3,3,.66808188,1
136431870,2014,"5608 Highway 36 S","Rosenberg","TX","77471",4,4,7,.7597335,0
136537400,2017,"IH-35 ACCESS","","TX","",5,4,4,2.3100133,0
136561292,2022,"BLK H SEC 87","","TX","",4,3,6,.64328551,1
136629376,2018,"","","TX","",1,5,6,.85404056,1
136708138,2024,"2773 Tradewind Ln","Crystal Beach","TX","77650",3,5,6,.6232388,1
136823487,2025,"16077 N HWY 80","LEESVILLE","TX","78122",2,3,3,1.1274185,0
137195818,2020,"CR 524","EVANT","TX","",3,4,6,.76130265,0
137413609,2023,"15258 Mound Rd","Hockley","TX","77447",4,3,3,.65343255,0
137531549,2018,"307 Graceland St","Houston","TX","77009",2,4,6,1.2295001,0
137538747,2020,"12421 Strick Ln","Houston","TX","77015",4,5,5,1.2971268,0
137601953,2025,"13443 Peoria St","Houston","TX","77015",3,3,7,1.5048721,1
137614658,2025,"8021 Record St","Houston","TX","77028",3,2,5,1.264581,0
137618941,2021,"6055 Pineway Blvd","Houston","TX","77023",3,2,3,1.4317648,1
137909714,2021,"3618 Almington Ln","Houston","TX","77088",3,4,5,.2565949,1
137927355,2015,"1415 Wildgrove Dr","Pasadena","TX","77504",4,2,6,1.3424937,0
138192316,2019,"9850 Pagewood Ln","Houston","TX","77042",2,3,7,1.2672112,0
138208246,2018,"5902 Whitwell Dr","Katy","TX","77449",4,3,5,1.0188651,1
138489007,2016,"3035 Wellington Pass Dr","Spring","TX","77373",3,4,7,.95105499,1
138528735,2025,"9715 Fleming Springs Dr","Humble","TX","77396",2,3,7,.5343222,1
138605437,2018,"1505 Eberhard St","Houston","TX","77019",3,3,6,.80900121,0
138810469,2021,"2659 Blairs Landing Rd","Karnack","TX","75661",3,1,4,1.6849666,1
138825120,2024,"2501 Pemberton St","Marshall","TX","75670",4,3,4,.8590644,1
139112776,2018,"PASEO PATRICIA","","TX","",4,1,7,.89745021,1
139192147,2017,"","","TX","",2,3,7,.37345037,0
139198467,2016,"","","TX","",1,3,6,.71005714,1
139215015,2016,"","","TX","",3,2,7,1.1241143,1
139275373,2018,"1413 N 42nd St","McAllen","TX","78501",4,3,2,1.8622234,1
139316880,2024,"2748 Lucille Ave","McAllen","TX","78503",5,2,2,1.1248722,0
139504323,2024,"","","TX","",4,3,6,.521128,1
140102086,2021,"2870 FM 234","","TX","",3,3,5,.93640071,0
140149974,2023,"TX STATE HIGHWAY 62","BUNA","TX","77612",2,2,7,1.4929383,1
140324091,2014,"4352 W HWY 44","ALICE","TX","",1,3,7,1.2515846,0
140534353,2018,"","","TX","",3,4,7,1.9079384,1
140678186,2025,"","","TX","",1,3,5,1.722864,1
140988163,2023,"701 E 12th St","Littlefield","TX","79339",3,4,5,.1992287,0
141103716,2025,"3391 County Road 400","Yoakum","TX","77995",2,2,7,1.7553023,1
141264353,2019,"1654 County Road 3556","Cleveland","TX","77327",2,3,7,1.4871893,1
141280004,2017,"GRAND PARKWAY","DAYTON","TX","",3,3,6,1.9353271,0
141373688,2016,"","","TX","",4,3,6,1.0479832,0
141397628,2019,"","","TX","",1,5,6,.52938235,1
141467085,2024,"5418 44th St","Lubbock","TX","79414",3,4,4,.71096438,1
141502201,2022,"9007 Alcove Ave","Lubbock","TX","79424",2,1,4,.38394722,0
141548412,2023,"5526 3rd St","Lubbock","TX","79416",3,3,5,.56233817,0
141573022,2025,"","","TX","",4,4,6,1.7350512,1
141694517,2016,"1000 Franklin Ave","Waco","TX","76701",3,4,5,1.2109836,1
141730127,2015,"208 Ashley","Eddy","TX","76524",5,1,6,.92801178,0
141774722,2017,"","","TX","",2,5,5,2.0640924,0
141842062,2017,"","FREDONIA","TX","76842",4,4,6,1.3475779,1
141845722,2020,"","MASON","TX","76856",2,2,6,.6194396,1
142345722,2016,"","","TX","",4,3,4,.93082815,1
142356967,2017,"","","TX","",4,3,7,2.1950114,1
142533283,2018,"17541 Woods Dr","New Caney","TX","77357",4,2,2,1.2981026,1
142553983,2014,"","","TX","",2,5,5,.46214515,1
142730502,2014,"15211 Francolin Pl","Magnolia","TX","77354",3,4,4,.37497824,0
142752012,2021,"102 Carey Ln","Daingerfield","TX","75638",3,1,5,.69320667,1
143082916,2017,"","CORPUS CHRISTI","TX","",4,4,5,.45810708,1
143133069,2014,"1660 King Arthur Ct","Orange","TX","77630",3,3,7,1.5928949,1
143373234,2020,"51 Lane","Fort Stockton","TX","79735",3,3,6,.91027761,1
143373530,2020,"43 Lane","Fort Stockton","TX","79735",2,2,6,1.8492717,1
143537756,2023,"","","TX","",4,3,7,1.6169149,1
143618933,2022,"S SONCY RD","AMARILLO","TX","",4,4,4,.39811453,1
143635729,2022,"4706 LONGBIRD ST","AMARILLO","TX","",1,3,5,.65868586,0
143674229,2020,"","Pecos","TX","79772",3,4,6,.94244176,1
143675850,2020,"","Panhandle","TX","79068",4,3,6,.16130637,1
143944732,2016,"","","TX","",4,2,6,1.0178123,1
144061686,2023,"","","TX","",3,2,6,.16843788,0
144154189,2024,"","","TX","",2,4,3,1.0858558,0
144245533,2018,"","","TX","",3,3,6,2.6179898,1
144397207,2018,"2722 Spur St","Roma","TX","78584",4,4,7,.95191801,1
144562408,2020,"14009 Oak Bark Dr","Haslet","TX","76052",1,2,7,.72823209,0
144803122,2020,"2300 Mirandesa Dr","Fort Worth","TX","76131",3,3,6,2.1274142,0
144895495,2018,"8904 Armstrong Ct","Benbrook","TX","76126",3,1,7,.74631286,0
144954751,2022,"640 Chandon Ct","Southlake","TX","76092",5,4,6,1.197837,1
145121018,2022,"6460 Silver Creek Azle Rd","Azle","TX","76020",3,3,5,2.4480975,1
145245629,2014,"COUNTRY CORNERS UT #2H","","TX","",3,5,6,2.301846,1
145445625,2022,"EDEN SE UT # 2H MNSARL","","TX","",4,3,7,.95324075,1
145446969,2021,"EDEN SE UT # 2H ARLARL","","TX","",4,1,3,.33714941,1
145505546,2015,"NORTH SKYLINE # 1H LWLWC","","TX","",3,3,7,.38579327,1
145532960,2017,"YORN # 1H KENKEN","","TX","",3,2,7,1.5089749,0
145614564,2021,"PERR -A- UT # 4H","","TX","",2,2,6,.72757697,1
145617508,2022,"FANNIN FARMS -B- UT # 5H","","TX","",3,2,4,.8216989,0
145838441,2022,"BOZARTH # 4H CASFWC","","TX","",2,4,5,.80521542,1
145849802,2016,"OSLER # 1H","","TX","",3,1,4,.93539524,0
145906544,2016,"VALKYRIE # 1H CRWFWC","","TX","",4,3,3,2.2056143,0
145964013,2015,"MB -A- UT # 4H","","TX","",3,2,7,2.6927996,1
146073400,2024,"UNIVERSITY WEST # 1H","","TX","",2,2,5,.64085555,1
146096858,2019,"BLACKWELL # 1H","","TX","",4,2,6,1.4521688,1
146101716,2025,"BARNETT SUE UNIT # 5H","","TX","",3,3,7,.69546503,1
146280578,2019,"BONDS RANCH # 4010R NW","","TX","",2,5,4,.36615193,0
146281592,2025,"RAY UNIT # 1H","","TX","",3,3,4,1.7567337,0
146587048,2015,"15202 TORRES ROAD","","TX","",3,1,4,.57676971,1
146797679,2025,"10116 Aspen St","Austin","TX","78758",2,3,6,1.1785916,1
147169927,2025,"","","TX","",2,3,7,.58472258,1
147309467,2014,"","","TX","",3,3,5,1.1076583,1
147437949,2020,"8659 FM 359 Rd","Brookshire","TX","77423",3,4,6,.30673525,1
147465211,2017,"","","TX","",1,2,7,.98935622,1
147515495,2018,"","","TX","",3,4,4,.47616538,1
147645827,2022,"","","TX","",4,2,5,.9343313,1
148046131,2014,"1905 Muhly Bush Bnd","Leander","TX","78641",3,3,3,.95486164,1
148118698,2021,"406 7th St","Sutherland Springs","TX","78161",3,3,7,2.0436525,1
148439370,2021,"","","TX","",2,4,3,.49009702,1
148466426,2018,"","","UT","",5,2,4,.29289764,0
148505008,2022,"1710 E 3250 S","Price","UT","84501",4,4,6,.21282753,1
148521598,2024,"140 W 200 S","Henrieville","UT","84736",3,3,6,.28088239,1
148558875,2014,"","","UT","",1,3,6,1.8199272,0
148568003,2024,"","","UT","",3,2,3,2.2215528,1
148596295,2016,"150 N Center St","Cleveland","UT","84518",3,3,5,1.2320296,1
148824671,2016,"7593 W 3500 S","Magna","UT","84044",3,2,6,2.5036316,1
148828473,2015,"4533 N Maple Ln","Cedar City","UT","84721",3,3,6,2.6195891,1
148935302,2017,"1 W Main St","Mount Pleasant","UT","84647",4,3,6,1.7044103,1
149027644,2014,"1620 N Vernal Ave","Vernal","UT","84078",4,4,5,2.2985306,1
149116033,2015,"290 25th St","Ogden","UT","84401",4,4,6,2.355011,0
149144795,2024,"689 E State St","Lehi","UT","84043",4,3,5,1.796037,1
149241589,2014,"63 E 700 N","La Verkin","UT","84745",2,4,6,.21573827,0
149273772,2020,"949 E Gregson Ave","Salt Lake City","UT","84106",3,4,7,1.2434973,0
149337437,2016,"611 12th St","Ogden","UT","84404",3,3,7,.84761882,1
149581191,2024,"8387 S Hoover St","Midvale","UT","84047",3,3,3,1.6572249,1
149602484,2020,"155 E Vine St","Murray","UT","84107",4,2,3,.060508583,1
149709438,2024,"4694 W Camellia Ln","Cedar Hills","UT","84062",2,2,5,1.384455,1
149748976,2016,"1097 E Quarry View Way","Sandy","UT","84094",4,3,6,.59561539,0
149789231,2020,"2684 W 14865 S","Bluffdale","UT","84065",3,2,5,.33104903,0
149791776,2025,"1874 E Standing Oak Dr","Draper","UT","84020",3,3,6,.78797776,1
149817277,2018,"10858 S PORCINI DR W","SOUTH JORDAN","UT","84009",4,3,6,1.4310355,0
149871450,2023,"197 Farrants Pt","Newport","VT","05855",3,2,7,.77545345,1
149876173,2024,"100 Observatory St","Bennington","VT","05201",4,4,6,1.0595129,0
149911302,2022,"589 Collins Hill Rd","Johnson","VT","05656",2,4,6,.81066269,1
149980348,2019,"234 Old Stage Rd","Essex Junction","VT","05452",2,4,6,1.9251384,1
149981989,2021,"20 DRY KILN RD","","VT","",3,2,3,2.1955299,1
150014587,2017,"2056 State Route 17","Starksboro","VT","05487",1,3,5,1.7607664,0
150044034,2017,"FERNO RD","","VT","",3,4,5,.83190823,1
150056026,2016,"162 Quarry Rd","Perkinsville","VT","05151",2,4,5,1.6132884,0
150089793,2016,"121 Rye Cir","South Burlington","VT","05403",3,5,4,1.4951928,0
150112709,2018,"513 Towne Hill Rd","Montpelier","VT","05602",2,5,4,1.865114,0
150140748,2016,"342 W Hill Rd","Worcester","VT","05682",4,3,5,.96526617,0
150207036,2022,"157 Dove Ln","Spout Spring","VA","24593",2,2,5,1.3548589,1
150680460,2019,"","","VA","",3,3,6,.89704645,1
150882073,2025,"8158 Bear Wallow Rd","Warrenton","VA","20186",4,4,4,.14969878,0
150908023,2023,"175 Erin Dr","Warrenton","VA","20186",1,3,7,.60221952,1
150961004,2015,"11408 Vale Rd","Oakton","VA","22124",3,5,3,1.3473265,1
150964901,2017,"207 Old Wormley Creek Rd","Yorktown","VA","23692",1,4,7,1.9469198,0
151060016,2018,"12112 Mountain Laurel Dr","Richmond","VA","23236",4,5,7,2.427104,1
151182625,2021,"7465 Mountain Lily Ln","Mechanicsville","VA","23111",2,3,6,.56374276,1
151348534,2023,"3013 White Birch Ct","Fairfax","VA","22031",4,3,5,.6491006,1
151413976,2015,"8760 Copeland Pond Ct","Fairfax","VA","22031",4,5,4,.72279775,1
151472260,2018,"","Victoria","VA","23974",3,5,4,1.0041504,0
151602632,2017,"395 Oakes Landing Rd","Saluda","VA","23149",3,4,6,2.1345611,0
151822083,2024,"4790 Pack Rd","Riner","VA","24149",3,1,4,.2917248,0
151997872,2017,"6917 Pacific Ln","Annandale","VA","22003",2,3,7,.22273494,0
152005185,2015,"346 E Crawley Dr","Farmville","VA","23943",3,3,6,.80198246,0
152033913,2021,"228 Hickory Rd E","Chesapeake","VA","23322",2,4,6,1.6411546,1
152063276,2022,"15515 Hagen Way","Haymarket","VA","20169",3,2,5,2.0145068,0
152069092,2022,"26 The Knob Rd","Goshen","VA","24439",1,3,6,.1183468,1
152143940,2019,"872 Locust Dr","Cascade","VA","24069",2,3,6,.624663,0
152203813,2015,"7241 Hillmead Ct","Springfield","VA","22150",3,3,7,.90024424,1
152258859,2021,"11989 Rayborn Creek Dr","Manassas","VA","20109",2,2,7,1.0390414,0
152523380,2022,"46592 Chase View Ter","Sterling","VA","20164",4,4,7,.41561773,1
152562254,2020,"112 N Alfred St","Alexandria","VA","22314",3,3,4,1.2930238,1
152730807,2015,"17400 Terri Ct","Dumfries","VA","22026",2,3,3,.3478761,0
152828716,2017,"9211 McCarty Rd","Lorton","VA","22079",2,2,5,1.1203915,1
152885127,2022,"334 Brock Sq","Fredericksburg","VA","22401",4,5,6,2.0308752,1
152926077,2016,"14238 Caroline St","Woodbridge","VA","22191",1,4,4,2.59901,1
152928185,2017,"333 Mercury St","Petersburg","VA","23803",2,2,7,2.503154,1
152962978,2023,"43322 Hollybank Pl","Chantilly","VA","20152",3,4,4,.6295625,1
153115586,2016,"1268 W 42nd St","Norfolk","VA","23508",2,3,7,.84755021,1
153208288,2023,"WILDERNESS RD","LINDEN","VA","22642",1,3,7,1.1491843,0
153224599,2025,"9527 5th Bay St","Norfolk","VA","23518",1,3,4,1.8268094,0
153329051,2014,"22388 Apache Ln","Bristol","VA","24202",4,2,5,1.1309978,1
153389483,2021,"","","VA","24279",3,4,7,1.5558488,0
153469831,2018,"3536 Carter Rd","Portsmouth","VA","23703",1,3,6,.48561719,1
153584312,2021,"1501 Tuckahoe Rd","Waynesboro","VA","22980",2,2,6,.98382211,1
153687432,2019,"","","VA","",2,5,4,1.0618312,1
153747878,2025,"229 Rochelle School Ln","Rochelle","VA","22738",2,3,5,1.5692755,1
153753510,2024,"7717 Williamson Rd","Roanoke","VA","24019",5,2,5,2.0565789,1
153829470,2017,"17402  Jerusalem Plank Rd","Courtland","VA","23837",3,2,7,1.991536,1
153840786,2025,"2600 Veda Dr","Bristol","VA","24201",4,4,7,.3567909,1
153863119,2023,"1296 Settlers Ln","Harrisonburg","VA","22802",4,3,3,1.4003085,1
153887658,2023,"6221 Bliley Rd","Richmond","VA","23225",3,3,6,1.7951587,1
153940260,2018,"2027 Gilbert St","Richmond","VA","23220",4,3,5,.39501178,0
153967480,2023,"1949 Hidden Valley Dr","Virginia Beach","VA","23464",2,1,7,1.036211,0
154061551,2015,"409 Baldwin St","Virginia Beach","VA","23452",2,3,4,.74418515,0
154067146,2016,"2312 Laurel Cove Dr","Virginia Beach","VA","23454",5,4,5,1.838024,1
154093795,2025,"1524 General Booth Blvd","Virginia Beach","VA","23454",5,3,6,1.325488,1
154286434,2018,"","","WA","",2,2,7,.59242284,1
154295797,2025,"113 Ainsworth Ave","Twisp","WA","98856",3,3,7,1.5023661,1
154323078,2025,"12155 Titus Pl","Leavenworth","WA","98826",2,3,5,1.3564636,0
154367675,2025,"3919 SE 168th Ave","Vancouver","WA","98683",4,3,6,2.128125,0
154384003,2016,"1607 S Quay Ct","Kennewick","WA","99338",1,4,6,1.8145304,1
154419086,2014,"1010 Delameter Rd","Castle Rock","WA","98611",3,5,2,1.2437238,0
154435160,2016,"2015 Burnt Mountain Rd","Beaver","WA","98305",3,2,6,.079882719,1
154450357,2025,"103 N PARK & WOODIN AVE","CHELAN","WA","98816",3,3,7,1.525508,1
154482527,2015,"340 W Prairie St","Sequim","WA","98382",3,3,5,.98972183,1
154595193,2024,"9310 Tumbleweed Way","Palisades","WA","98845",3,3,5,.57627064,0
154596385,2024,"","","WA","",2,2,6,1.7333347,1
154754370,2025,"1636 W Clarke Ave","Spokane","WA","99201",5,2,7,1.9225279,0
154755370,2024,"1857 W Centennial Way","Spokane","WA","99201",2,3,7,1.1594973,1
154760540,2025,"13 Papac Ln","Grayland","WA","98547",2,5,3,2.0185552,0
154774213,2016,"","","WA","",3,2,5,2.7849641,0
154893404,2025,"82 S Union Rd","Elma","WA","98541",2,2,7,.51364386,0
154952600,2018,"105 17th St SW","Long Beach","WA","98631",2,4,7,.077604339,1
154980027,2021,"35306 SUNSET RD","","WA","",4,2,6,1.0644671,1
155278613,2018,"1818 3rd Ave N","Seattle","WA","98109",1,1,5,.70092767,1
155304767,2023,"4319 73rd Ave NW","Gig Harbor","WA","98335",4,2,4,1.0877627,1
155317330,2024,"8331 S Naches Rd","Naches","WA","98937",4,4,7,.22018334,1
155397781,2023,"7004 E Peone Rd","Mead","WA","99021",2,3,7,.20786926,1
155423217,2023,"917 98th St S","Tacoma","WA","98444",4,3,4,.95670509,0
155451785,2024,"13401 NE 28th St","Vancouver","WA","98682",5,1,7,.74611622,0
155522595,2025,"1104 E Wabash Ave","Spokane","WA","99207",1,3,5,1.7642071,0
155573805,2025,"6244 NE 182nd St","Kenmore","WA","98028",3,3,4,.97377485,0
155706652,2014,"12304 NW 28th Ct","Vancouver","WA","98685",1,3,4,1.1406077,0
155716117,2016,"","","WA","",1,3,7,.57500857,0
155940958,2019,"PICARD RD/WESLEY WAY","","WA","98944",1,2,5,2.1546514,0
156042836,2014,"","","WA","",4,4,4,.8260479,0
156070491,2018,"9613 Lake Steilacoom Dr SW","Lakewood","WA","98498",2,3,7,.18556406,1
156330069,2020,"8108 211th Street Ct E","Spanaway","WA","98387",1,4,5,.53733277,0
156367035,2014,"4122 212th St SW","Mountlake Terrace","WA","98043",2,3,5,.68304086,0
156581429,2022,"","","WA","",2,4,5,.94096982,1
156653945,2024,"16315 145th Ave SE","Renton","WA","98058",4,3,3,1.4450361,1
156668809,2017,"9351 California Dr SW","Seattle","WA","98136",3,2,6,1.6080396,1
156921478,2023,"","","WA","",3,4,6,1.8079731,1
156981469,2018,"6040 Ann Arbor Ave NE","Seattle","WA","98115",3,4,6,.34209168,0
157028497,2020,"721 W Main St","Auburn","WA","98001",3,4,6,.832021,1
157065568,2019,"","","WA","",3,4,7,2.1243241,1
157094490,2017,"15927 SE 41st Pl","Bellevue","WA","98006",3,2,5,1.7239598,1
157141236,2015,"","","WA","",3,3,6,.91118681,0
157226715,2014,"8227 NE 131st St","Kirkland","WA","98034",1,5,7,1.459847,1
157354843,2016,"21655 NE 17th Pl","Sammamish","WA","98074",3,2,6,.49790135,1
157423901,2022,"31424 8th Ave S","Federal Way","WA","98003",3,2,7,.58000487,1
157562968,2025,"SCALES RD","","WV","",3,1,5,1.181784,1
157656651,2015,"7TH STREET","RAINELLE","WV","25962",3,5,2,.14120843,1
157659513,2017,"","","WV","",3,3,7,1.6804122,0
157843189,2017,"403 CORBIN HEIGHTS WAY","","WV","",2,4,3,.18873449,0
157972727,2016,"PHILIPPI PIKE","CLARKSBURG","WV","26301",3,3,7,.22468588,0
158039121,2015,"THIRD ST","SHINNSTON","WV","26431",4,4,3,.62117356,1
158086109,2015,"MOPRRIS DR","","WV","",3,2,3,.73057926,0
158088240,2020,"1908 N 20th St","Clarksburg","WV","26301",2,3,6,1.059167,1
158088363,2022,"NEAR RT 3/2","","WV","",2,2,2,1.5731835,1
158172959,2018,"209 Halstead St","Oak Hill","WV","25901",4,2,7,2.2797818,0
158232188,2018,"","","WV","",4,2,4,.87858999,1
158706237,2021,"147 Floyd Worley Rd","Beaver","WV","25813",3,2,5,1.1439288,1
158865819,2018,"MTN","","WV","",4,2,4,2.0555334,1
159139221,2015,"OCEANA","","WV","",5,2,7,1.3754879,1
159322044,2017,"","WEST LIBERTY","WV","",1,4,6,2.6425347,1
159395356,2015,"","","WI","",5,3,7,.12820144,1
159562673,2022,"W HWY 151","CHILTON","WI","53014",4,3,5,.86838531,1
159569541,2022,"","","WI","",3,3,6,1.3363172,0
159791169,2014,"18544 77th Ave N","Chippewa Falls","WI","54729",2,2,4,1.9545376,1
159803889,2019,"","","WI","",4,2,6,2.206095,1
159939988,2017,"","","WI","",4,5,7,.12134802,1
159953111,2019,"","","WI","",2,3,5,.129508,0
160132671,2018,"","","WI","",1,3,5,.46109471,1
160137343,2017,"N8410 County Road G","Necedah","WI","54646",3,5,3,.96640366,1
160142807,2019,"","","WI","",4,2,7,.85183185,1
160198326,2016,"","","WI","",4,3,6,.70180875,1
160338275,2025,"","","WI","",3,2,7,1.0621297,1
160368200,2016,"","","WI","",3,4,7,2.1923091,1
160454772,2021,"","Burlington","WI","53105",3,5,7,.97149551,1
160489503,2020,"","Madison","WI","53707",3,2,6,2.1797121,1
160566378,2015,"732 24th St N","Menomonie","WI","54751",3,4,5,.65371084,1
160572653,2017,"","","WI","",2,4,4,.120395,1
160714718,2019,"72 S Main St","Fond Du Lac","WI","54935",3,4,7,.49464941,1
160725896,2025,"","","WI","",1,2,5,.27881861,1
160781820,2024,"52 Hemlock St","Clintonville","WI","54929",3,3,4,1.8640909,1
160783075,2022,"5430 64th Ave","Kenosha","WI","53144",3,3,2,.41416675,1
160975177,2018,"1362 Red Hawk Ct","New Richmond","WI","54017",4,4,6,2.243295,0
161276528,2015,"","","WI","",3,3,5,1.157196,1
161298627,2024,"1291 Tyson Rd","Eagle River","WI","54521",4,4,3,1.0983607,0
161333913,2024,"862 W 11th Ave","Oshkosh","WI","54902",1,2,4,1.2486795,1
161449070,2021,"4222 N 14th St","Milwaukee","WI","53209",4,3,6,.66205275,1
161663231,2020,"N 1667 SCHNACKY RD","BIRCHWOOD","WI","54817",2,2,7,.93207824,1
161850342,2021,"2911 S 44th St","Milwaukee","WI","53219",4,2,5,2.1018493,0
161865688,2023,"3404 S 37th St","Milwaukee","WI","53215",3,1,6,1.1749839,0
161874499,2024,"3157 S 6th St","Milwaukee","WI","53215",2,3,7,1.3350505,1
161876240,2016,"3202 S Burrell St","Milwaukee","WI","53207",4,2,4,.26159933,1
162021143,2024,"11100 W Saint Martins Rd","Franklin","WI","53132",3,4,5,2.4987993,1
162111978,2020,"S82W17557 Clearbrook Dr","Muskego","WI","53150",2,4,5,.69706583,1
162262924,2018,"202 S Washington Ave","Waukesha","WI","53188",3,5,4,1.5811973,1
162320583,2024,"W4769 CTY E RD","BONDUEL","WI","54107",3,5,4,1.6148278,1
162547961,2021,"2149 Heritage Ct","Cottage Grove","WI","53527",5,4,6,1.0265434,1
162784195,2016,"","","WI","",3,3,4,.26327613,1
162869555,2025,"12 Boe Dr","Pine Haven","WY","82721",4,2,7,.25250861,1
162870525,2017,"161 Liberty Ln","Moorcroft","WY","82721",5,3,4,1.208429,1
162919846,2015,"1132 Riverbend Dr","Douglas","WY","82633",2,2,4,.49815211,1
162935859,2024,"2005 Limecreek Ave","Gillette","WY","82716",4,3,2,1.1290636,1
163016176,2017,"7310 Grace Rd","Cheyenne","WY","82009",4,3,2,.61822838,1
163063715,2018,"217 Garfield St","Lander","WY","82520",2,2,4,.65416276,1
163075743,2023,"COW HOLLOW UN 76","","WY","",4,3,7,1.5155315,1
163120107,2022,"1258 War Admirial Rd","Cheyenne","WY","82009",3,3,4,1.1952541,1
163172508,2014,"316 River Rd","Dayton","WY","82836",2,5,5,1.1291541,1
163209952,2017,"7225 N Spring Gulch Rd","Jackson","WY","83001",4,3,5,.88860917,1
163227517,2014,"4065 Sunburst Dr","Evansville","WY","82636",3,2,3,1.3325987,0
164634673,2021,"2647 S Trumbull Ave","Chicago","IL","60023",3,3,5,2.0146265,0
164873213,2017,"9236 Pace Ave","Los Angeles","CA","90092",3,4,6,.55807769,1
164893235,2014,"5129 Fenwood Ln","Orlando","FL","32815",3,4,4,.78351462,1
164923415,2017,"12212 Eastridge Dr NE","Albuquerque","NM","87115",3,4,6,.21874778,1
